ent_id,name,skill_id
210,Flasherember,1020
1452,Mothgrove,1004
454,Bisonvenom,56
326,Killeroil,614
994,Vulturefork,525
824,Donkeyshine,897
333,Ridgeballistic,680
1237,Chargerlove,228
1312,Shoulderglitter,606
759,Spiritsprinkle,1429
1495,Mindcherry,141
1185,Snagglefootwool,844
727,Cockatoomoor,1008
354,Takerskitter,961
1166,Biterlime,753
1310,Robinshy,359
732,Lifterink,219
1002,Foxviolet,672
1371,Skullblossom,959
95,Duckshore,1276
1326,Pixiedaisy,229
1458,Queenfern,644
188,Beakevening,643
659,Lancertree,1256
1345,Questertorch,608
1057,Cloakgossamer,158
11,Crystalquiver,1000
442,Weedfield,1213
1281,Beetledisco,584
601,Fangcrimson,569
1372,Shriekerred,874
213,Battin,1258
196,Beakmarsh,460
504,Bitercoconut,1190
1172,Lanterngreen,933
848,Lionzenith,1183
632,Pawvanilla,1132
1169,Vipergravel,917
524,Arrowspangle,824
287,Gemrose,157
471,Droporange,804
482,Slothcalico,187
374,Talonbog,1293
202,Saverdenim,1140
889,Burnmango,609
179,Bardquilt,1466
639,Puppysapphire,1116
382,Raverjewel,1384
808,Griffinveil,730
410,Toucanshag,298
575,Bitemalachite,353
1047,Warlockshade,1223
1324,Swordsleet,40
132,Snakelace,591
1391,Deeragate,1126
1444,Buffalotundra,567
404,Raverhate,593
350,Princedeep,1372
1037,Mousewood,19
489,Singerpool,1439
898,Facewild,248
912,Ratsplash,876
914,Roarerbutter,375
961,Princessjungle,598
205,Legshollow,1204
752,Kangaroosnow,1248
456,Beepie,655
54,Rovercandy,1273
1082,Snapperdust,1302
496,Ocelotnimble,986
534,Bootjuniper,1090
78,Stingerjust,1288
661,Panthernettle,577
1215,Jaguarjelly,390
1261,Slicercosmic,244
1425,Ridermaze,1493
1228,Curtainhollow,890
717,Pawdawn,1162
65,Tailgeode,129
33,Crystalcrimson,2
177,Thunderlime,788
425,Roarerdeep,639
460,Deergeode,1272
1267,Waspbush,1089
1314,Banefair,859
1317,Razorprickle,725
195,Princessash,946
431,Herochocolate,376
126,Lighterlinen,338
1112,Speakervine,790
922,Warriorsilver,1392
1150,Beakdot,540
452,Snouttulip,299
1090,Snakeflax,1201
174,Paladincrystal,1282
1032,Leopardapricot,1038
712,Songfossil,903
966,Whalemeadow,1387
1130,Facemulberry,1099
689,Kittendesert,1260
219,Shoulderscarlet,1160
162,Tonguesand,1406
978,Sentrysprinkle,552
665,Antbone,270
10,Stingcrystal,1127
87,Hornetrainbow,517
412,Owlnova,1104
1369,Carpetcloud,123
383,Whimseyancient,433
290,Gullsapphire,1234
348,Lasherwind,1418
408,Stingerscratch,1303
462,Takerweak,1141
467,Antmorning,932
360,Shoulderroot,486
1342,Gazellecrazy,1150
877,Pythondandelion,1019
1167,Friendshade,823
518,Lynxiron,908
48,Driftercerulean,89
52,Spiritatom,431
1011,Foxbrown,1022
492,Grinquilt,919
1135,Robintopaz,71
657,Soarerglass,1182
899,Falconbubble,619
336,Vulturemoor,1472
61,Finshard,692
67,Footquasar,1394
1400,Swallowsouth,899
1008,Roarcarnation,967
396,Forgermud,1360
1064,Ferretleaf,1284
1442,Ottershade,848
802,Spurflax,1453
329,Koalaivy,536
346,Bisonvalley,787
42,Tigergravel,1378
1406,Bonefreckle,92
281,Mindtorch,297
1251,Boapattern,369
736,Hairsolar,718
123,Loonfierce,987
680,Killeraquamarine,1041
327,Mindcyber,1235
70,Spurbush,485
1315,Weaselcandle,1197
687,Centaursaber,1343
430,Ravennavy,519
121,Touchfoam,1376
53,Bitersurf,602
1290,Doomcat,553
647,Jaguarfish,155
480,Bonepale,39
151,Hornetproud,1206
511,Carpetbog,44
806,Centaurrift,1262
203,Thunderbristle,658
862,Seedmarble,32
169,Minnowforest,884
733,Coyoterowan,1403
258,Crestribbon,184
381,Pumakiwi,1216
1110,Sentrykeen,322
1036,Raccoonlead,1445
319,Cubsly,402
1479,Foestripe,615
1065,Dragonrag,22
320,Drifterbig,1061
1073,Shirtsnow,681
686,Monkeycrimson,273
1246,Hisscarnation,981
485,Spearproud,1210
1200,Dancerslime,962
181,Carvercute,695
654,Warlockroan,357
1365,Snoutplaid,1178
1433,Curtaindog,759
1066,Leopardred,564
946,Turnerfancy,721
233,Rayhollow,1071
906,Goattruth,52
13,Yakbrick,180
828,Piratelie,1062
218,Fingeode,1221
1255,Donkeyspring,201
655,Batcerulean,1032
871,Glasssleet,171
834,Whimseyiridescent,571
1485,Edgebird,497
999,Dancerpaper,416
1160,Dropgravel,685
920,Minnowmirage,148
278,Backrogue,289
1496,Hornlie,420
15,Thornmuck,798
137,Knifeash,311
284,Mousebald,1016
22,Antelopepeat,1175
1010,Moosetide,1107
1264,Vulturefork,887
481,Antlerfork,178
868,Snarlmetal,64
1184,Ocelotprong,661
1243,Thunderfluff,799
1305,Flyjewel,1209
1268,Queencat,617
139,Roverfair,41
79,Dogrelic,1326
1500,Jaguarballistic,80
760,Trackerbush,249
187,Shriekapricot,451
971,Bugfringe,1287
1291,Baneruby,1003
668,Pegasusisland,629
1278,Wasphazel,764
747,Neckbranch,339
612,Warlockash,377
474,Wingabalone,99
620,Eaterbrass,1328
1088,Lightningmetal,1292
449,Giversolstice,1420
1192,Shieldlace,1286
1487,Dragongray,24
1223,Chinolive,786
246,Scourgecat,542
342,Swallowcotton,57
512,Armshallow,708
406,Eaglewest,982
56,Bunnyslash,361
858,Antlersheer,1313
206,Lighterquartz,524
753,Diveripple,651
1407,Fancierpinto,484
704,Footdirt,894
751,Flytree,203
765,Antflower,589
804,Binderpeat,472
552,Grabberleather,77
771,Warriorsand,707
389,Pigjade,85
630,Weaselpsychadelic,1018
226,Sparrowcoffee,1249
440,Lasherphantom,186
1026,Scarnoble,329
611,Glazervoid,878
90,Crusherglacier,1412
50,Shakerpower,326
129,Ridersticky,620
1104,Watcherforest,705
1355,Chillerplanet,879
192,Legssmall,29
1398,Ogreclever,1011
473,Loonmaple,1463
331,Raversequoia,264
1313,Stingblue,1255
537,Glasssolar,769
435,Jaypurple,258
937,Skullpinto,1479
861,Goosesticky,1396
830,Elkstripe,1462
890,Painterbasalt,101
646,Singercaramel,345
1125,Ringerapricot,66
434,Toothcarnation,240
1484,Weaselmint,1478
1486,Kittenfate,165
142,Venomprong,1012
559,Kittentiny,532
463,Giverlunar,360
641,Crafterapple,1367
391,Legendthorn,635
224,Choppersummer,970
1149,Noseveil,750
948,Gembevel,1395
1221,Mistressmaple,860
549,Slicersapphire,1458
1230,Eaglecrocus,1225
74,Howlermirage,441
1491,Snarlluminous,1370
230,Mothpale,960
39,Vipercake,150
1220,Shirttranslucent,546
604,Deerslime,21
625,Gargoylelavender,840
968,Dragonnickel,915
313,Crownviridian,1042
503,Tongueflax,1001
965,Carvercosmic,435
1095,Throatshade,506
563,Beetlecookie,1181
1003,Napecyan,857
1222,Burnflint,1271
330,Falconivory,1044
543,Banewalnut,466
923,Centaurtundra,911
568,Knaveshine,716
827,Divershimmer,331
171,Crusherrainbow,877
671,Facepie,761
1328,Ocelothurricane,1341
973,Fancierflash,218
1259,Lasherseed,1371
1099,Marknoble,300
235,Raverjust,541
1274,Kingalabaster,717
536,Muselaser,522
332,Devourerround,120
1046,Paintercosmic,290
1420,Talonsprout,457
745,Horntitanium,575
222,Hissersulpher,674
762,Spiritribbon,310
1119,Talondeep,765
701,Raveniridescent,587
1157,Roarlily,1404
911,Legendhot,1078
1042,Leopardspark,281
1465,Gembranch,1431
1147,Horsebuttercup,883
774,Lighterfrost,284
726,Bellylaser,735
644,Oxiron,405
242,Lifterpeach,1195
417,Skinnerwell,1191
581,Whalemuck,305
794,Gooseatom,738
19,Coyoteruby,139
1424,Koaladog,314
1211,Deersour,648
849,Glazertime,554
1380,Griffinchrome,15
977,Swordmeadow,498
864,Mastermesquite,800
1480,Chargerfierce,1137
343,Killerdew,640
1282,Dragonleather,153
523,Antelopesilk,1469
1287,Sparrowrust,825
310,Questercomet,500
1024,Hornsteel,747
814,Wolflong,1105
1297,Wizardbutton,1362
279,Loonheavy,318
220,Chatterflower,235
314,Ocelotpuzzle,1432
609,Gamblershimmer,918
1076,Knaveink,156
788,Foxpuzzle,691
1455,Venomtrail,274
1182,Dancerbutton,1373
1069,Samuraiiron,826
1395,Ladymercury,381
656,Graspmisty,1177
495,Leaderchisel,1259
525,Forgerstar,79
1405,Raverplum,334
368,Bugdaisy,574
315,Ratlinen,355
734,Whalequill,160
569,Foxdaisy,53
893,Mothsprout,488
1078,Ridersly,287
487,Roarercarnelian,1427
1100,Thornsand,1097
303,Toebrook,471
60,Flyindigo,682
66,Jesteralmond,282
244,Zebrasteel,448
263,Wingcliff,710
1493,Legendsilent,455
558,Bearchocolate,198
1111,Stormfoul,103
86,Hissripple,881
582,Mistresscoral,1023
138,Napesquare,140
936,Otterrose,885
306,Deathdestiny,226
1409,Reaperlapis,841
821,Swoopzircon,868
837,Curtainevening,1055
75,Hissercord,259
603,Piperfeather,367
974,Belllake,98
638,Arrowpickle,891
769,Ogreiris,1448
1402,Ogrewalnut,424
176,Flametyphoon,1480
720,Roarred,34
831,Racerlavender,802
812,Thorntranslucent,785
811,Bugdaffodil,1200
225,Condordandy,595
486,Lighterspeckle,1092
1245,Voicebranch,439
72,Crownsouth,308
1219,Lancerpepper,1347
1335,Leghorn,558
667,Heronfringe,1456
499,Snapperclover,236
516,Catchermarble,513
455,Snoutsky,781
1473,Bitecrazy,119
110,Backdandy,1081
1109,Deathsilent,292
555,Deernoble,1135
152,Wyrmnoon,1147
1063,Wolfplain,1475
945,Jaycute,1277
694,Reaperring,268
822,Fincyber,1401
692,Zebramuck,994
772,Ladyprism,892
378,Coyotebasalt,125
251,Wandererjewel,1305
461,Mousehazel,1143
1260,Ocelotshallow,1122
339,Mastermaze,193
358,Neckmirage,412
1440,Ripperivory,256
1107,Nosetopaz,371
1156,Venompatch,1322
839,Hisssoft,1233
809,Waspcookie,1110
941,Llamabranch,937
749,Boottitanium,1437
841,Swisherhollow,508
905,Razorfire,362
393,Doomseed,866
136,Flypaper,851
672,Rabbitemerald,490
470,Cougarscarlet,1174
363,Collarapricot,810
483,Ladystone,354
785,Saverpebble,422
953,Chinlunar,623
446,Mistressarrow,1149
1363,Deathstellar,749
379,Sargentwind,425
681,Scarernotch,1045
102,Bunnybevel,1056
1461,Princepebble,1317
186,Scowlpatch,850
779,Ravenhorn,31
1213,Thumbscarlet,1486
1472,Cubrain,332
294,Jaguarboulder,1187
97,Wandererquill,834
323,Hideround,965
1140,Jawwax,154
816,Dartwax,988
1108,Dogglow,568
631,Daggerisland,374
1352,Paladinchip,938
757,Lanternbranch,341
285,Curtainlemon,418
51,Stingerzenith,1269
1279,Chatterfan,1410
131,Hissvalley,1382
1483,Thumbsquare,1080
1446,Stormcoconut,1074
606,Lashertime,1355
335,Flameplanet,88
754,Flyplume,104
1298,Pigjasper,1243
1399,Pegasusaquamarine,1025
995,Daggerglitter,1455
1126,Zebrarag,1184
1309,Keeperribbon,1310
739,Speakerproud,610
528,Guardianjewel,1350
245,Followeriron,1007
938,Jaguarglitter,419
464,Dragonroot,861
1164,Ridgemoor,855
797,Minnowiridescent,1438
874,Questersheer,607
432,Painterflax,1158
723,Thiefbranch,208
1001,Legsnavy,760
1320,Crystalpaint,1138
1060,Boarcomet,693
28,Cubpond,611
135,Seekergentle,1323
540,Scarfan,963
1339,Thunderhot,1164
1177,Toothflicker,699
702,Swoopmirror,1021
308,Venombloom,1199
677,Spidergrove,527
715,Throatdaisy,468
1049,Riderpepper,84
259,Voicelight,414
154,Flylemon,941
172,Bellylavender,809
375,Cloudfork,741
1482,Deertree,926
1494,Bellyalpine,453
422,Talonpolar,409
1021,Diveequinox,1385
439,Forgermorning,1073
1195,Fingerred,476
458,Gazelledew,1379
756,Legnavy,1153
992,Elkboom,1353
932,Snagglefootplanet,1247
844,Sharkfluff,169
8,Frightfierce,666
596,Knavescarlet,335
216,Neckcute,1315
1193,Hideforest,896
795,Gullcrazy,291
491,Kinggray,1312
1271,Ridgenarrow,1212
740,Crafterrowan,91
1017,Cranesharp,1194
1238,Trackcloud,838
1422,Cranesteel,1171
721,Samuraititanium,1039
1488,Spikepatch,96
18,Catchercosmic,865
708,Hisswood,698
334,Killersheer,337
164,Bugtruth,1352
547,Coyotejewel,694
249,Shakermagenta,633
943,Sharkkeen,1237
993,Traderthread,344
1005,Condorroan,1129
695,Leaderoil,382
256,Crusherarrow,161
265,Spriteglacier,1049
416,Dancercaramel,723
635,Duckfierce,1214
212,Deerquartz,1053
507,Raccoonbrick,45
1423,Bitebranch,1447
1256,Foeprong,1124
865,Followercalico,669
964,Scribezest,352
122,Wolfoasis,220
1384,Mistresscream,1114
1023,Geckopatch,213
479,Gullhurricane,647
1197,Iguanahill,452
541,Spearbrass,1205
1336,Thorngrove,182
390,Chesteast,1217
448,Knightseed,74
1129,Jesterivy,279
1158,Catcherplatinum,1130
296,Weaverchestnut,1299
622,Falconvalley,888
954,Oxspark,59
1445,Robincarnation,686
286,Whipprickle,12
301,Keeperbrown,993
370,Reaperphantom,1296
588,Speakerholy,1185
716,Boltsly,572
860,Parrotprism,512
674,Harewax,365
447,Hisszinc,794
897,Carvercopper,774
1456,Stallionwheat,333
627,Guardianhorn,1048
338,Razorpond,1026
1368,Gargoylestellar,1460
623,Weavercold,321
1321,Griffinsticky,196
522,Chinsolstice,817
502,Boltsnapdragon,1082
1263,Fisherdull,1389
1338,Hornetsponge,1471
579,Cloudjet,181
376,Handtrail,833
956,Snoutphantom,499
587,Lionseason,683
1225,Nosechrome,784
826,Falconberry,1146
519,Guardianveil,135
27,Headbasalt,563
1072,Ridgeflicker,913
1240,Gorillaphantom,706
44,Cloudharvest,583
43,Gullflint,783
742,Cowlkeen,38
1009,Duketwilight,952
660,Whalemeadow,1051
743,Beakplume,275
921,Eatercold,48
112,Kittendisco,1289
939,Scourgeapple,395
1081,Noseflax,835
1379,Wyrmquick,793
17,Eaterbow,819
649,Elkshard,241
443,Grasptreasure,496
748,Swallowpitch,1106
815,Princewhip,1131
843,Backfuschia,1252
1218,Leopardpsychadelic,285
366,Crestriver,324
347,Ninjaabalone,263
1254,Parrotsulpher,1220
304,Scribesolstice,1354
1077,Lightningviolet,63
1447,Antlerchisel,459
1212,Forgerchrome,702
879,Bearthread,1325
1294,Heronbrown,401
145,Duckgray,480
302,Crystalblack,739
80,Pegasuscypress,1254
800,Ninjaink,999
12,Scarerviolet,746
949,Tonguedot,726
272,Vultureequinox,1335
140,Antlergiant,152
1116,Monkeyhazel,728
1457,Chestripple,1085
1249,Rovertin,660
1013,Cloakboom,1211
267,Cockatooquill,646
1340,Mothhail,550
927,Elflie,676
1121,Jawchip,1488
556,Graspmulberry,1142
1006,Hawklime,538
573,Paladinspark,1295
637,Bunnydawn,1120
29,Braiddirt,956
952,Keeperberry,13
1392,Facemidnight,1419
783,Bugpickle,61
719,Beakmotley,925
1413,Mothsaber,626
1154,Killergrove,1485
436,Maskcat,391
30,Crusherlead,1301
566,Ocelotspangle,1180
55,Catcharm,307
970,Leggranite,1261
724,Hoofluck,642
328,Rippercaramel,1468
1022,Devourerfield,1168
81,Wizardquiver,393
998,Snapcalico,43
2,Chesttruth,1291
859,Bellysponge,813
854,Napechisel,1036
728,Piratenight,1349
250,Ribbrick,935
201,Hornetlaser,1196
1467,Footsunrise,1091
1492,Bearswift,237
49,Condorshore,1499
1250,Storkfate,62
361,Heronlavender,653
407,Wasprune,539
63,Reaperregal,665
208,Molebrick,478
1490,Whimseyperidot,1481
766,Grabbervoid,238
1113,Biterroad,1474
25,Songcypress,1096
711,Batquick,616
942,Keepercactus,1459
1450,Devourercoal,662
243,Oriolefork,172
409,Stealerboom,1377
872,Shriekmica,449
925,Footprism,1047
134,Swallowspectrum,1186
710,Stingdog,504
957,Facezircon,131
928,Raverzircon,969
866,Twisterjasper,1169
775,Ogrewool,1010
1288,Skinnergold,596
544,Twisterthorn,613
1419,Stealertiny,1043
833,Jawmagenta,922
1151,Dragonfreckle,1173
691,Hoofpaint,6
709,Wanderernorth,126
1105,Tonguemulberry,776
437,Toeshore,895
838,Birdsilk,1491
198,Snapweed,1027
217,Legscerulean,462
236,Coyoteorchid,379
453,Mistressmorning,792
855,Iguanawood,1274
14,Goatcyan,1123
554,Sparrowpurple,806
850,Sparrowvivid,842
1475,Weaselneon,1415
1201,Raccoonroot,811
617,Paladinplump,871
1039,Twistersalt,904
227,Dartsolstice,1222
1134,Mistresseast,752
980,Beeforest,756
895,Speakerbrick,216
270,Watchermaze,652
257,Ridgepaint,1094
1168,Paintermetal,836
619,Hidetranslucent,233
401,Thorncake,579
341,Doomlinen,1151
200,Donkeyshy,204
1360,Touchflash,1334
24,Noserose,1170
1058,Biterphantom,1492
148,Spriteleather,830
106,Chillermad,1351
825,Lanternshimmer,1414
1035,Foerift,893
273,Wingrift,928
1448,Baneshine,185
317,Tradershore,650
146,Diverroot,622
1153,Samuraicalico,562
1334,Pegasusgreen,984
115,Chattercopper,1476
801,Howlerbead,901
1180,Frillgreen,604
180,Mousenova,1311
1093,Seedlaser,1490
892,Wingbristle,974
451,Grabberbrook,1236
1214,Fancierolive,775
1390,Keepermirage,1304
130,Lanternlove,1309
796,Weavermango,227
372,Scourgehail,995
1275,Cockatootrail,347
1188,Ogremuck,957
770,Roverquiver,373
616,Princesssnapdragon,677
1122,Mustangsnapdragon,26
1385,Huggerequinox,1266
917,Scarervaliant,115
1468,Daggerclever,1297
283,Cowldawn,1239
878,Glazerboulder,7
586,Lasherhickory,1342
178,Coyotedandy,551
793,Terriergranite,1464
1354,Doomdesert,948
344,Serpenthazel,1332
1410,Scowlweak,748
1041,Leopardfog,14
1171,Gemnoon,722
836,Bunnydesert,343
457,Grinchip,210
548,Rayamber,940
1401,Otterfeather,638
852,Questerdandy,846
600,Shouldershadow,641
1128,Cloudharvest,1345
71,Shouldercactus,398
778,Rabbitfeather,997
847,Neckchrome,1307
572,Eyering,528
429,Roarerviolet,743
628,Divershard,603
41,Talonhill,385
478,Chopperquark,286
845,Piperswift,1494
107,Biterquick,323
1028,Ribsour,408
591,Braidshag,1031
268,Antcurly,734
1165,Voicegold,1005
530,Yakbrown,576
1389,Huntersharp,1316
1089,Seerlake,243
1404,Roverolive,729
1048,Zebrabristle,83
767,Collarpurple,217
1194,Gullcrocus,518
1316,Lizardgranite,985
607,Mastergiant,394
1007,Followerdune,975
1361,Arrowroot,1319
1127,Cowlflint,1369
1087,Killerphantom,1226
1044,Wolverineevening,1364
23,Coyotetin,945
1170,Scowlriver,36
597,Pawchatter,1109
894,Marethunder,245
1038,Swoopcyan,436
975,Mindglimmer,82
64,Catrose,1065
729,Chillhorse,1430
662,Terrierrain,442
542,Dolphinbutton,183
761,Jayroot,202
1394,Pegasushoneysuckle,16
3,Sentryflash,1428
916,Flyyellow,260
840,Facesky,949
477,Gembrass,1374
494,Runnerchocolate,432
1176,Venompeach,649
1162,Raptorpaint,1290
781,Devourergem,1014
1196,Frightcerulean,234
73,Knightshallow,389
1146,Handgeode,325
173,Watchervenom,251
820,Crushercosmic,1329
118,Oriolemud,242
369,Horseglitter,936
1497,Bunnysmall,664
150,Stonechatter,983
5,Pegasuscute,980
1302,Killerspectrum,330
501,Chatterglen,168
1295,Legmica,232
792,Gazelleroot,955
1441,Raveragate,856
1198,Catcheroil,231
1159,Swordgray,1383
1137,Chestfeather,1100
682,Handpeppermint,712
1120,Glazerhate,1030
913,Shriekerbitter,668
818,Hornetmesquite,679
1375,Jayfluff,100
578,Jayflicker,673
1106,Hisserfluff,880
261,Howlerdirt,1050
1161,Swordalmond,1417
384,Doomriver,407
1319,Llamatyphoon,166
1144,Divertrail,294
254,Raymint,930
194,Hornetbald,1500
773,Snapperquiver,1470
1474,Facecherry,581
37,Shakerjust,1422
1014,Arrowrowan,1052
1353,Followerwater,700
967,Watcherperidot,954
7,Speakerplaid,947
595,Minnowgreen,1046
926,Flyphase,831
805,Ladybead,1227
1175,Legendhot,278
1235,Lighterpatch,113
1469,Swordfreckle,342
1283,Footrainbow,434
1378,Raptorhollow,1339
1117,Wizardsteel,1482
529,Batfortune,1238
520,Takerlong,461
1284,Scowlfish,1487
441,Stingercyan,1102
658,Catspiral,502
46,Pegasuspalm,1167
377,Lizardglen,601
433,Shoulderzest,755
1143,Viperrainbow,252
902,Wolfsleet,849
678,Butterflyfog,147
1103,Grinwell,704
1343,Ravenspot,380
669,Gullsurf,90
9,Cloudpitch,239
526,Toucanshine,845
1308,Napekiwi,1098
614,Otteramber,1067
664,Baneforest,1268
789,Snakewild,430
490,Craneshag,346
1280,Stallionivory,757
1242,Diveorange,882
1325,Riderplum,927
1300,Napeglass,413
1183,Scarbutter,1154
885,Princessgray,1363
645,Walkerchocolate,1318
959,Riderdenim,456
276,Llamafuschia,531
896,Iguanafoul,272
567,Spritebird,212
1244,Keepercurly,1450
915,Musemisty,803
228,Beakband,1357
311,Pythonbow,3
161,Neckcat,1498
157,Stealerhollow,95
1050,Carpetyellow,173
1434,Frillthread,192
459,Robinbasalt,1228
533,Centaurnickel,255
705,Sharknoble,534
309,Jawsquare,847
1085,Hisssilent,731
62,Bitersequoia,624
505,Watchermad,370
940,Roarerwhite,463
1414,Mothplump,1461
517,Swisherdune,469
1470,Scowlglaze,372
1329,Pythonbutter,494
823,Turnermica,111
229,Browquasar,942
247,Divesummer,348
91,Thorntranslucent,966
590,Glasschisel,145
706,Bellyplanet,889
574,Minnowseason,1436
1101,Vulturesun,106
584,Sagesplit,1495
1139,Apesalt,97
498,Healerember,49
1262,Tailprong,116
1292,Fingersour,742
903,Horseiris,309
624,Slayercookie,740
869,Collarflint,151
199,Donkeyspark,1324
253,Wolfdandelion,493
819,Touchalmond,736
1438,Ladyripple,1066
1327,Knifepetal,600
666,Molepsychadelic,73
958,Saverhazel,179
986,Cougarpetal,384
531,Bonecotton,4
1097,Riderlake,1338
1367,Speakernoon,1101
420,Swordbush,697
997,Devourertide,1337
1033,Spearbrass,293
703,Warriormidnight,1496
1148,Kniferhinestone,477
960,Heronjasper,1375
1272,Speakermaze,939
1234,Dutchesslead,1300
40,Mistresspaint,671
397,Stagsavage,134
1323,Hissplaid,1399
592,Jackalatom,1035
935,Headsteel,696
810,Weavermidnight,105
1015,Robincactus,1088
648,Sparrowcoffee,481
1118,Antsprinkle,317
881,Shriekscarlet,1069
159,Ratmotley,67
842,Beetlefluff,968
271,Iguanaprong,200
735,Trackermud,745
1376,Wingcold,909
438,Legnimble,950
577,Carpetscarlet,1264
1258,Condorgossamer,351
340,Kangaroolong,557
120,Leopardsour,1087
1163,Kangaroocurse,852
1141,Curtainmint,411
1270,Crowwalnut,315
976,Turnerflint,797
419,Wandererfire,1128
713,Chillaquamarine,247
1451,Pigriver,1152
141,Cathelix,501
114,Razorwheat,1380
1296,Roarrainbow,1416
1466,Chargeraquamarine,873
57,Musewest,1006
96,Takerhurricane,902
475,Wolverinepaper,709
58,Mareequinox,81
101,Sliceroil,1229
1029,Flycosmic,350
359,Ogrequick,1250
349,Gamblerlie,766
1403,Samuraibog,971
955,Coyotetin,751
901,Tailrainbow,340
411,Singerspangle,438
1191,Lightningfree,958
1123,Slothpaper,592
1231,Braidshimmer,772
508,Knifewave,211
553,Devourermountain,523
1411,Gazellebog,1344
356,Weaselharvest,1454
1285,Vulturebow,363
191,Watchershade,822
325,Gemzinc,580
1204,Loonevening,132
535,Voiceglitter,737
345,Fairyflame,11
1052,Dolphinfern,257
362,Marktranslucent,789
365,Whalekeen,1489
163,Snagglefootbrass,594
1489,Minnowbead,108
676,Bearblossom,388
1266,Cockatoosly,1013
538,Stagjuniper,1435
100,Stingerorchid,102
909,Walkermaze,1483
385,Bellyrag,509
675,Flamecurly,977
1436,Eaglesugar,843
1346,Warlockivory,1424
1209,Slaveindigo,630
119,Slothgreat,492
1382,Runnerscratch,625
260,Leopardstar,815
1356,Chinvanilla,1440
1429,Razorplanet,446
991,Eagleshell,65
515,Curtainzest,404
69,Thornchecker,5
509,Slicerzinc,814
1067,Armscarlet,447
207,Raypyrite,573
989,Llamasand,547
1387,Cougarsnow,778
415,Eyeshade,1112
799,Looncrystal,1108
321,Hunterhollow,483
1358,Masternight,9
738,Spurquick,898
38,Ridgeemerald,991
1366,Foxbold,763
1453,Mindbevel,1294
853,Llamahot,886
1138,Whippetal,1320
472,Lynxprairie,487
730,Roarcarnelian,854
1347,Carpwhip,440
910,Tigerorchid,336
351,Cubtopaz,684
387,Edgeberyl,25
610,Goosepatch,714
127,Ogreskitter,1285
209,Shoulderoil,444
395,Guardianglen,306
223,Glasssunset,858
183,Swallowpewter,582
190,Iguanaveil,637
875,Bisonquark,1368
1349,Mareemerald,795
99,Armalpine,1465
297,Grabberpsychadelic,820
291,Paladinlemon,1366
322,Turnerrainbow,205
784,Speakerrain,254
982,Stingtree,143
746,Foeflame,1068
571,Robincoal,976
1124,Chopperclear,1402
652,Wanderersheer,916
277,Venomfrill,482
714,Waspsapphire,68
527,Grasphorn,1358
1432,Elkshadow,392
513,Toothshallow,387
355,Ninjabevel,944
1207,Banemirror,1278
707,Salmonstellar,1231
950,Cranecedar,1172
125,Jackalscarlet,839
565,Apebald,162
722,Spurtabby,998
237,Lanterntulip,406
870,Throatplain,762
153,Slothstorm,10
550,Bellyberyl,35
907,Stingercyber,1484
380,Hornethot,47
1187,Whalemoor,399
1498,Devourermagenta,923
405,Scorpionfish,1391
919,Unicornslow,1163
104,Antlermaple,304
755,Griffinfringe,585
1202,Weavertide,130
777,Weednotch,1477
737,Ratcactus,1009
1136,Knightneon,1397
1020,Pythongrove,1421
832,Seedlie,1409
1178,Maskcandy,78
744,Hissdune,176
465,Ratfate,853
166,Jawstripe,1165
642,Heronrift,136
857,Runnerrift,1407
1396,Bisonalpine,964
1174,Guardianmango,521
776,Servantolive,520
266,Cougardot,1029
985,Lifterfoam,1079
782,Arrowprickle,445
763,Finmarble,1017
124,Herocliff,566
497,Tailcrimson,1
403,Capsugar,149
929,Drifterclever,230
580,Playertrail,475
963,Boasnapdragon,54
269,Raccoondune,443
835,Apepollen,267
59,Diversage,1218
427,Doomshadow,900
1332,Museroad,973
1276,Snarlfantasy,75
1289,Toothkiwi,872
211,Whalebranch,533
300,Belltwilight,588
111,Curtaincoffee,667
402,Walkerdirt,807
933,Buffalomuck,636
514,Nosepale,1443
521,Lordmud,207
1236,Knifeatom,199
673,Pantherdawn,1002
312,Voletide,612
1132,Antlerspring,1028
264,Hidegrave,277
731,Monkeyhurricane,535
790,Warlocktree,58
643,Mindnarrow,454
1068,Oriolemeteor,530
26,Choppertulip,906
688,Pumanebula,1446
450,Mousedust,701
215,Handhot,50
510,Nosestripe,23
807,Seedisland,470
305,Butterflypaint,1176
83,Hareslash,1155
84,Deathnickel,590
700,Forgerdesert,467
1351,Grinsunset,288
16,Elfrazor,1246
1115,Haredew,206
1477,Grasplaser,110
493,Witchmaze,1275
1370,Carpetiron,20
931,Bugluminous,1121
155,Mistresssnapdragon,271
663,Catchersilver,690
1383,Lasherfork,1179
234,Shieldpewter,261
618,Lynxround,465
613,Fisheralmond,27
1460,Gooseink,1331
888,Houndbronze,368
1080,Slicerspeckle,33
1350,Stalkerzircon,190
476,Soarermad,427
426,Mustangsavage,805
1142,Toothgravel,768
85,Doomfortune,1125
1364,Wizardpeach,124
352,Drifterspectrum,869
564,Condorgeode,543
76,Toucanprism,537
951,Frillround,121
589,Cloudlove,688
585,Fingerspiral,514
1034,Ferretcat,978
557,Bowabalone,1057
424,Nosestone,167
741,Traderwarp,1298
984,Snarlpeppermint,1075
1412,Legsglen,1270
68,Stormstump,544
634,Burnvenom,1111
1418,Dukewest,18
683,Kittenflax,30
856,Bunnyaquamarine,265
231,Otterspot,142
972,Mothlime,1425
1301,Chilleraquamarine,118
1045,Cockatootide,675
532,Neckstream,107
1054,Snoutmalachite,295
690,Kingnavy,60
1344,Minnowcanyon,276
1083,Mythspark,1240
399,Hawkquilt,1390
214,Flashercold,458
1189,Flierpitch,1058
1269,Craneivory,415
904,Boargossamer,597
987,Reapercrimson,953
1075,Knightshort,76
143,Centaurnarrow,28
299,Unicornfork,1426
1439,Princessevening,715
1181,Burnlime,474
255,Rabbitglimmer,1245
1415,Slayerboom,770
1071,Glazernova,1346
1386,Stagberyl,670
1096,Trackerebony,529
990,Collarstump,1444
484,Loonberry,1037
1145,Wingfoam,1086
679,Slothfern,296
1273,Hornskitter,386
316,Scorpiondaisy,713
488,Snoutcarnation,1208
1265,Masksurf,426
288,Pipergentle,812
934,Headjewel,943
367,Lizardpool,773
1449,Turnermud,754
1031,Masklong,366
394,Legbutter,703
621,Drifterpuzzle,1145
693,Deerlava,423
1377,Knightsprout,1157
787,Robinplume,1241
867,Skinnercoconut,910
576,Dancervine,428
221,Bugpaper,8
1277,Beearrow,821
996,Stingerfoil,189
918,Owlring,246
128,Twisterscythe,194
725,Boltclover,1133
570,Antelopeblue,678
1227,Braidmoor,561
605,Zebraquiver,864
750,Doombrave,1359
289,Snakepinto,51
599,Lynxberry,1263
908,Venomshag,222
1094,Banestellar,548
423,Carpetdisco,771
1428,Mindcrocus,1393
969,Swallowstump,931
979,Crowtreasure,832
1304,Gemlightning,400
1102,Servantgiant,733
98,Shirtpuddle,491
758,Serpentcaramel,867
886,Servantdeep,921
798,Samuraicandy,631
1206,Mustangpebble,17
182,Monkeycoral,1361
1359,Bugginger,875
275,Biteslash,349
1216,Maremotley,777
1348,Cubgreen,1063
1373,Marepollen,1457
791,Lanternsulpher,224
1217,Warlockpond,719
1443,Ripperspring,511
184,Parrotsour,1442
1055,Roachcactus,1156
414,Chillerplatinum,791
193,Fanciersticky,177
947,Hooflizard,1356
1199,Stallionshort,934
1421,Warriorwhip,972
1229,Spikemarble,1024
1062,Gazelleeast,720
1074,Biteshard,779
353,Stingsurf,197
1025,Giverfire,1449
197,Gemring,46
882,Dragonoil,137
31,Trackmeadow,556
1133,Elkstellar,634
1000,Lancerboom,87
670,Stingerheavy,1119
851,Chinmoor,1388
500,Houndcookie,1257
1306,Toucansalt,138
252,Piperseed,689
357,Yaklace,479
651,Hairobsidian,732
1476,Armtree,114
89,Glasscrystal,128
1330,Watchertwisty,1077
1322,Drophate,1033
175,Beegeode,526
873,Ratvivid,1340
232,Houndscratch,225
1241,Ringerpatch,837
1,Thiefcedar,605
1248,Wizardjuniper,117
1303,Carpetcoffee,303
1070,Musemercury,221
884,Speakerpalm,1203
113,Ninjaevening,827
282,Trackmeteor,214
551,Scarcake,780
1331,Scalemuck,1467
1012,Toucanmirror,410
962,Herograve,37
1131,Swoopsprinkle,133
35,Bunnynoble,1117
1210,Fairyluck,503
32,Puppyneon,495
170,Chillshell,505
1179,Flierdesert,262
1435,Bugsavage,1198
373,Thornarrow,818
1357,Crownquartz,1279
262,Razorquark,93
165,Tigergeode,657
880,Noseriver,397
318,Slayerlegend,215
158,Mistresscherry,549
1471,Mothnoon,627
1205,Crystalvivid,1434
47,Batnoon,1215
1040,Cubpinto,280
718,Mouselemon,1095
1092,Cockatooforest,209
248,Skinnerprong,914
108,Keepervoid,1103
1086,Dragongrave,659
1019,Crownindigo,1267
280,Boarspangle,195
34,Warriorsly,744
388,Hairluminous,1330
307,Pantherquiver,1093
77,Houndsatin,565
185,Ladyfrost,656
594,Fingerancient,450
608,Browfern,188
92,Backfrill,1189
983,Hyenawell,816
1427,Healershard,507
1155,Gazelledisco,1139
545,Ripperpond,1411
780,Skinnercopper,1059
1362,Songblue,1244
1318,Speakermagenta,727
560,Riderwave,1497
1426,Lioncandle,1064
803,Dragonbald,808
883,Fishpsychadelic,905
240,Songalabaster,269
1393,Runnercrack,72
1059,Swooptabby,175
1478,Paladinwool,327
364,Bugquilt,912
398,Flylegend,1202
629,Elkdune,1441
1307,Speakercopper,632
149,Finlove,758
1043,Wizardquilt,628
189,Armspectrum,578
1091,Hisscotton,951
274,Banealabaster,1113
1293,Spurrainbow,1144
1437,Toothpewter,510
684,Weaselrift,1134
103,Pawfoam,1333
1253,Twisterpear,515
685,Hairproud,1076
944,Yakpie,782
546,Bootsulpher,266
117,Rabbitshadow,1408
144,Dartorchid,687
160,Touchpurple,1327
1464,Neckcloud,109
1030,Bootsponge,69
981,Mindforest,383
1061,Batbrass,545
1098,Wasplavender,1166
887,Bearwind,828
204,Falconcrimson,724
239,Condorchisel,654
650,Pythonstitch,1280
445,Shirtstorm,1433
4,Handswift,979
561,Jackalspring,316
1374,Slavemirror,489
1481,Ogrepond,312
1056,Hissfluff,1230
324,Ottercactus,1159
653,Findust,429
1459,Frillsteel,1348
295,Kittenmoor,516
1337,Leopardcypress,396
829,Snapcyan,863
93,Howlertin,1161
1463,Skullglow,586
633,Swallowcaramel,829
116,Razorchocolate,1314
1257,Doomgold,319
392,Scowlgentle,1423
1239,Scowlshard,1040
1051,Twisterbrindle,1015
891,Jawpuzzle,127
238,Gorillaspring,767
1114,Thundergrove,164
1173,Swallowtar,663
1186,Knavesleet,1224
469,Shakerfuschia,1405
930,Deathprickle,1336
418,Puppycandy,356
636,Browrose,1192
1454,Snagglefootmuck,711
1203,Weaverdisco,929
466,Leaderfork,163
94,Followereast,1193
764,Swordsour,621
1016,Foewave,645
21,Mistresstreasure,320
167,Bunnyblaze,42
1499,Cougarsky,144
20,Apebig,253
1053,Burnsour,250
626,Cougarfan,1265
293,Carverisland,796
105,Hoofwood,86
539,Leopardflash,1084
1333,Graspprism,191
863,Mythgreen,174
1462,Jaymoor,990
1226,Collarfast,1136
1286,Butterflywater,223
1381,Noselake,920
400,Hunterlizard,464
421,Volesharp,555
615,Shriekhill,146
82,Boltalpine,1253
133,Slayerwave,1207
698,Cowlheavy,1034
6,Watcherband,1451
1190,Gorillabush,570
1247,Loonamber,1400
1397,Gemsponge,283
900,Shakerglaze,403
506,Wizardprickle,1115
337,Edgetwisty,1452
88,Cockatooiron,989
697,Hiderogue,618
1252,Duckpsychadelic,1188
1311,Princessspice,1281
1152,Eaglenickel,437
846,Ribcaramel,996
147,Stalkersouth,70
602,Loonwind,1308
1079,Houndwater,924
876,Musecrocus,358
640,Ninjadisco,1473
168,Boarwax,1083
598,Cowlscratch,1398
1004,Stormtide,1386
768,Slothsplash,328
583,Questerazure,907
1232,Devourercoal,992
386,Healerebony,55
562,Slothbattle,599
1408,Sentryblossom,94
1299,Banetranslucent,862
1388,Forgerberry,301
1208,Capdark,170
45,Kangarooheavy,1381
1224,Slothcarnation,1054
156,Butterflysly,378
241,Swallowcaramel,364
1341,Vultureshallow,1413
109,Huntersplit,1118
924,Pumatranslucent,1306
1018,Piperjasper,1232
1027,Carptree,870
593,Toedeep,1283
1233,Jawmidnight,1060
428,Wyrmpear,1219
1084,Dragonwave,1365
1416,Snagglefootsnow,159
699,Zebramorning,473
1431,Spikegrave,559
36,Stalkernoble,1321
813,Stormplume,302
1430,Hidezircon,1251
292,Snapbrave,801
988,Takermagenta,122
696,Toucanrainbow,1070
298,Gooseseason,1072
468,Snapvine,1242
817,Legendsand,421
371,Minnownotch,417
1417,Bardmorning,112
786,Cathorn,1148
444,Centaurtwilight,313
413,Ridercedar,560
