name,owner_id,city_id,fin_id
Curtainhate,506,1297,589
Chargerplatinum,530,1084,512
Whimseycaramel,39,490,476
Mustangkeen,1311,456,1057
Roachrose,520,846,229
Mooseriver,733,986,1207
Scourgebush,668,687,302
Hornfern,461,1010,1305
Giversmall,262,566,845
Elkchatter,642,215,267
Stalkersugar,1399,1300,528
Toothslime,113,622,461
Pegasuscharm,1397,508,617
Friendriver,32,1287,458
Salmonequinox,1117,1254,69
Pantherblossom,256,52,1258
Horsebevel,1418,545,1324
Ninjabrave,84,228,1117
Stonestream,1274,70,1333
Fishsprinkle,309,1469,28
Cougarnova,1280,271,218
Raverhollow,993,774,1251
Fancierautumn,845,87,137
Owlmalachite,512,998,82
Facemarble,715,733,1008
Foxscratch,1067,85,607
Hairchestnut,444,168,1454
Flyfortune,671,586,513
Jaguarsnow,634,1342,851
Swooporchid,942,1475,833
Stonemaze,748,23,397
Bootswamp,589,1157,111
Curtainazure,68,2,1019
Heronebony,667,55,499
Bowfern,234,768,1302
Voicestone,861,285,412
Crestbrass,1094,399,1293
Ridercream,1367,602,714
Sightsilk,214,549,494
Rabbitfield,52,1116,257
Buffalotitanium,1185,53,723
Buffalosouth,1441,1,1435
Legwool,443,389,890
Handstream,676,1352,388
Frightglory,991,737,475
Lordshell,1084,536,946
Jawmint,653,1207,624
Sentryorchid,1335,274,1489
Slicerkiwi,784,808,1165
Foxplump,1047,840,721
Parrotzircon,1059,1160,774
Razoragate,7,95,1162
Biterfierce,1423,392,1116
Horsepineapple,524,897,853
Molesunset,1378,1329,1237
Arrowbald,162,580,606
Spurdull,1308,1020,1460
Eagledirt,93,1267,503
Shieldcrazy,187,546,697
Stagpine,741,1134,207
Wolftree,683,1427,1467
Buffalorogue,268,496,492
Cougarbald,183,372,968
Koalabrindle,557,824,970
Ravenvenom,263,878,468
Twistersky,53,259,962
Serpentsticky,1478,172,895
Ninjalime,304,11,413
Carpmoor,1361,6,436
Glassclever,412,847,1219
Paladinshallow,1239,1065,668
Roachcrystal,138,911,7
Ravenpale,1011,224,151
Eaglebald,1333,1457,1479
Horngem,1116,316,411
Warriorchain,1268,1368,825
Cougarpower,478,738,886
Viperglaze,780,382,1380
Questercute,633,1454,1382
Mooseebony,363,1124,179
Birdmad,117,678,27
Chatteragate,1223,608,688
Yaksnapdragon,961,428,488
Oriolelaser,1183,850,1129
Lashercarnation,891,261,1424
Bunnyfossil,1251,1044,1099
Markregal,1244,686,534
Gargoylemeteor,1444,1492,309
Princepollen,1086,1403,272
Songplum,1135,982,736
Crystalalmond,1482,1389,1450
Shieldtree,1345,297,816
Liontitanium,1128,17,5
Stalkerwinter,1347,268,618
Ridgeginger,1349,22,54
Stealerboulder,1158,329,800
Weaverlightning,145,1192,1387
Scalepeppermint,1105,1000,192
Ringerforest,1450,221,663
Lashercoral,487,246,259
Queenchip,241,692,81
Flamesulpher,1488,1009,460
Snagglefootfrill,555,1433,572
Crystalpond,1079,591,115
Toothgem,511,161,314
Seerroan,486,677,787
Beaksheer,901,381,127
Roareriron,1240,198,602
Runnerhurricane,399,18,1335
Tonguebloom,1459,743,933
Beedog,416,310,1127
Wasppurple,1288,953,1030
Tailmetal,794,1351,24
Weavergray,247,812,984
Hornetshadow,516,196,973
Stealerglaze,147,1049,281
Toenoon,868,236,1498
Voicecalico,1278,1270,244
Slothspot,155,1486,1218
Guardianpsychadelic,819,1182,524
Mouseiris,264,1429,484
Drifterheather,952,806,1085
Wizardgiant,691,306,1281
Witchboom,19,151,86
Facezenith,343,819,870
Killerthunder,1247,37,134
Whimseyplanet,248,826,690
Kittenproud,386,115,552
Antlerfoul,1473,966,520
Roarershade,820,1495,1009
Hunterdew,109,838,1144
Markstar,493,718,336
Followerdandelion,87,468,789
Samuraimetal,1263,1452,68
Bootmint,777,1158,821
Clouddestiny,80,715,209
Duckrose,1174,688,367
Wolverineazure,40,375,1348
Pegasusrhinestone,120,880,812
Shiftrelic,938,1155,580
Necksplash,338,983,1138
Soarermorning,610,453,923
Eaterhot,1214,104,558
Puppygreat,265,755,756
Houndwax,1449,125,143
Haircloud,1140,1041,1153
Snarlflannel,359,942,1107
Shirtgold,11,332,1374
Ravencream,1044,233,1439
Ferretviolet,859,1040,1170
Batstar,678,956,1257
Playerruby,24,1363,874
Soarerflannel,739,939,1229
Knavesoft,89,667,505
Weedmidnight,1008,845,705
Legsoft,1171,1216,656
Ratdandy,1456,1068,1392
Spikestitch,513,1128,1058
Hyenaquark,327,467,269
Piperroan,926,384,755
Singerpinto,400,804,315
Eaterneon,918,624,942
Pawpickle,1190,1212,773
Skinnerbald,59,1273,1000
Venomregal,1091,717,957
Whaleapple,869,477,293
Thornleather,550,1089,108
Fighterpear,96,1002,1411
Catflower,336,1147,140
Lancermuck,1017,1022,1048
Cockatootide,922,251,247
Bowstorm,1317,1365,1319
Buffaloveil,526,1087,501
Mooseapricot,15,637,922
Fishweak,378,1145,759
Fairylavender,1312,704,729
Sentrypond,1242,679,1069
Elfspring,1204,331,786
Scarercarnation,1474,975,1441
Doomweak,640,600,142
Dancershine,387,1285,623
Butterflycanyon,1462,1268,1047
Condorlove,410,517,605
Flyisland,1387,996,1222
Shirtmulberry,933,639,1042
Tigershard,1119,636,353
Scargossamer,402,1097,414
Edgeancient,1081,963,146
Thornsour,814,122,395
Spikevivid,990,492,1260
Goosefork,1149,1098,689
Llamarhinestone,18,211,1189
Capflame,186,107,1045
Friendshade,519,529,1463
Paintersunset,501,1138,873
Lordalpine,490,1436,569
Talonpetal,677,725,41
Apecandle,1290,604,691
Markchestnut,1004,1173,674
Gorillasplash,159,194,390
Falconnarrow,925,1091,938
Gemrainbow,104,494,139
Kniferipple,206,1175,797
Batvalley,944,1106,841
Dutchesscoconut,797,1299,1492
Scowlforest,746,165,1167
Grinplume,1236,1150,727
Bitestump,179,1373,1172
Elfgreat,951,99,433
Leopardevening,1422,1296,1280
Monkeyshimmer,1170,159,1434
Gargoylering,540,406,695
Pixieiron,259,650,878
Toucancypress,197,1223,246
Leadermalachite,396,948,497
Zebrafoul,689,885,975
Owltopaz,43,669,308
Driftergem,1120,916,1114
Orioletar,541,345,1025
Questermetal,783,1235,852
Bitedesert,267,1241,1131
Spriteorange,1332,1382,577
Dartlightning,812,438,1306
Goatballistic,1033,533,673
Ringershade,485,524,399
Flamemercury,1212,645,400
Snakesmall,91,1322,14
Knavethorn,135,796,645
Stalkerfuschia,1126,1011,1068
Boarcalico,367,407,1241
Lanternclever,704,434,956
Snoutspring,212,1012,371
Ringercat,1327,803,1072
Snagglefootfree,592,441,871
Llamacrazy,576,1441,1288
Banerust,1346,1398,928
Hidestellar,757,883,1014
Stallionzest,1146,723,1403
Spurfluff,115,167,280
Thornaquamarine,1186,409,83
Gullsharp,161,787,141
Lizardplume,403,786,749
Stonehorn,1089,700,987
Snoutdew,892,307,1410
Thornchisel,770,111,1350
Rabbitaquamarine,609,931,362
Flameshimmer,1305,921,11
Guardiancold,1499,1023,297
Mistresslake,1199,1293,770
Ocelotwell,17,1142,1486
Jaguargossamer,1429,1415,717
Thornspot,965,294,978
Bisonbristle,1031,1063,1022
Serpentcrystal,123,1066,1186
Knightvolcano,884,873,1145
Catchergrove,908,83,913
Cloudatom,1442,1167,425
Maskroot,750,1078,911
Dutchessspiral,1320,51,424
Unicornblue,666,1024,1326
Warlockmorning,864,45,130
Arrowrust,1153,961,1453
Dukegrass,289,1210,159
Snagglefootcliff,978,182,116
Sagedeep,182,1245,437
Carpgrass,126,583,855
Kittendog,390,363,201
Stallionhurricane,1364,31,196
Antlerfire,175,655,682
Fishspiral,866,69,15
Questerbubble,981,155,894
Runnerplatinum,434,1409,1345
Grinchain,303,1075,930
Shiftevening,1318,157,1476
Flybutton,97,222,286
Ninjaholy,800,567,1046
Llamabrass,108,275,90
Dutchesstwilight,505,1374,1283
Batfir,1073,902,227
Heronrowan,102,176,138
Singermagenta,204,1227,538
Chestfoul,1202,423,1149
Heronapple,624,1114,738
Fairyplatinum,551,946,1314
Deathclever,439,1346,63
Naperampant,297,315,964
Gorillastellar,34,80,181
Diverberry,1363,628,1384
Foebow,1000,568,457
Minnowproud,287,1209,777
Deerbitter,1072,26,794
Bowclear,220,610,1155
Killerflax,1425,162,764
Terrierbrick,782,292,1210
Piratevoid,414,181,1205
Hissershadow,1181,690,164
Eaterroot,473,1314,875
Fairyoasis,591,1283,1190
Dutchessflint,574,12,1175
Pumaplain,631,940,1195
Banerain,1458,860,1269
Voicemint,632,1141,356
Healerriver,1049,1281,180
Chestbrave,437,461,1103
Llamarain,419,731,961
Hareivory,351,143,862
Bowwarp,967,1159,178
Mareplump,307,1193,440
Salmonpeach,1472,321,703
Healerpsychadelic,529,1472,455
Throattwilight,1405,1483,483
Snapperbubble,811,412,734
Kickerdog,1369,1252,319
Chopperbrown,318,1060,887
Lifterphantom,306,485,638
Owlseed,1271,661,1214
Glassalpine,806,659,565
Beakstar,139,564,835
Gooseplume,509,1334,118
Giveremerald,1344,480,1418
Skinnerbasalt,362,937,42
Servantlapis,721,431,795
Gemflower,423,1214,1398
Parrotmaze,88,754,799
Chargerglaze,63,146,1146
Shoulderberyl,1029,751,152
Lynxswift,578,660,1244
Playerclover,1426,563,706
Dartshadow,1356,773,89
Panthermalachite,980,50,683
Rayash,804,411,248
Scowlfast,441,1256,479
Monkeybasalt,1010,449,313
Seedrag,213,98,106
Hidesmall,1489,913,1477
Browneon,773,605,612
Forgerlunar,394,1119,530
Cloudbutter,477,994,1459
Armcopper,253,210,322
Gamblercanyon,433,1456,474
Questerolive,1497,1076,728
Knavestump,1177,672,1452
Ladyjelly,1002,893,448
Followerblack,790,976,1469
Mouseleather,737,1309,126
Horsetime,26,651,228
Oriolequiver,225,126,194
Salmonpale,672,1480,225
Scarerlie,1498,105,1096
Toothpattern,1166,1408,992
Whaleemerald,734,488,1223
Gempepper,622,416,1092
Pixiebranch,971,869,358
Chillchrome,627,989,1224
Mythebony,969,1437,1375
Bellyalabaster,158,1171,547
Piratelead,970,35,216
Horsegravel,808,626,177
Kangaroojet,325,1247,378
Daggertiny,684,108,1232
Zebralava,1027,483,745
Captruth,1316,888,1011
Beefire,893,1139,1341
Reaperfate,1323,933,1083
Antlerfluff,882,811,277
Friendbuttercup,1277,317,539
Swoopgrove,827,722,1399
Tailtar,735,1221,622
Slicersunrise,1152,286,1312
Ridgestellar,1252,1051,1121
Dukeshag,1351,500,65
Bitermarble,1284,357,1247
Princesssilver,1374,1120,120
Wandererclever,1424,706,1298
Facedawn,719,13,25
Otternova,424,1046,815
Scourgesmall,1097,742,255
Neckroan,484,726,1412
Keeperancient,1003,379,325
Antlergem,553,129,449
Hooffreckle,1232,992,712
Pantherroot,867,266,590
Molesaber,76,721,685
Hairebony,313,1327,1074
Crushercat,16,474,1388
Slothdog,1255,929,76
Collarwax,685,1055,1330
Slaveglitter,1260,1113,779
Dutchessdull,857,1140,419
Swallowleather,1342,1123,1372
Elkthunder,130,818,287
Pirateyellow,826,21,1369
Spiderfrill,998,676,1447
Fliersteel,546,163,478
Spurfern,1035,1170,935
Wanderermango,798,1126,1054
Raccoonbrindle,717,544,1419
Razorhoneysuckle,1401,935,1066
Driftershallow,1479,1487,654
Dutchesscoral,129,185,1359
Soarerrose,1480,401,979
Warlockviolet,1057,1370,1043
Weedstellar,1165,16,447
Whalecandy,1495,390,869
Glazerroot,83,1188,1081
Elkgrave,100,550,1271
Pixieshine,917,1099,472
Apemint,536,1083,1433
Bellyprong,261,425,1064
Leaderwool,654,1466,511
Glassscarlet,997,713,307
Ringermica,468,903,814
Gorillatree,1246,339,732
Chatterancient,1230,909,924
Legendleather,422,199,343
Jaguarink,518,1348,23
Hareaquamarine,1314,1290,632
Sightplume,570,1043,620
Cranenight,1001,957,1033
Slayersteel,742,1121,950
Ridgegossamer,936,305,1184
Bellbead,1216,371,239
Racercarnation,927,265,1221
Scowlspectrum,706,216,1036
Stallionfast,707,1131,859
Watcherlizard,1176,1317,666
Singerberry,973,1410,340
Horsepalm,1293,42,1136
Mousefoil,1306,1034,788
Centaurdark,863,446,67
Jawcaramel,659,171,1295
Monkeyglow,528,579,752
Napepine,1209,175,1268
Swisherindigo,311,958,113
Shoulderlime,1213,1401,305
Loonrift,920,671,1194
Chinoil,849,1243,1160
Lasherbattle,558,1162,830
Viperroan,579,901,1264
Foeoasis,1407,1251,36
Scribesage,945,712,410
Unicornpeat,270,366,625
Touchheavy,850,698,988
Pantherlightning,1235,227,1490
Kangaroojade,148,1489,219
Edgegrove,1483,867,1171
Tailfire,928,202,847
Horsetiny,1460,15,802
Parrotcloud,521,1419,1110
Puppyfantasy,342,325,1381
Stingshadow,1161,593,1466
Skullspangle,69,1383,249
Lynxwave,1141,1302,156
Mistressstitch,480,1206,1367
Jaystone,349,1085,47
Legivory,545,272,133
Ridervolcano,72,967,327
Dartmangrove,1465,436,677
Sightphase,793,145,462
Duckmoor,71,397,573
Dropalabaster,316,1125,1192
Chanterlinen,899,822,1173
Yakfuschia,565,327,929
Speakershimmer,341,502,431
Stormpuddle,775,1258,1422
Houndmangrove,280,1144,1086
Yakpale,762,894,279
Sparrowlinen,1203,117,60
Catjewel,941,1360,48
Swisherlinen,1191,938,710
Parrotspring,628,1130,1355
Trackoil,1143,606,408
Fighterblaze,1021,815,541
Kangaroosavage,568,854,1408
Soarervolcano,1455,419,1386
Throattin,848,489,321
Horsegarnet,221,1164,994
Mothatom,255,1027,435
Beetleflash,95,1259,751
Ravensatin,153,139,1323
Horndot,70,745,655
Hyenalavender,1227,1397,51
Gorillagem,940,1336,798
Arrowquartz,1210,904,559
Stagmire,1406,188,1429
Ribthunder,1237,1276,1216
Ridgeazure,469,1166,778
Hawkpie,389,1312,394
Oriolediamond,1129,262,389
Knifesprout,354,816,1202
Snagglefootpie,1384,46,866
Dutchesstree,374,193,1073
Wingchatter,107,130,276
Hyenacitrine,600,1289,711
Touchmad,1167,91,94
Jawdestiny,22,484,62
Kittenbramble,503,594,1152
Marelove,1226,513,1286
Unicornpalm,596,638,981
Knightglen,1439,1474,743
Catchertabby,1289,68,1397
Jawtundra,749,1490,972
Eyedew,470,137,1309
Flybutter,27,775,750
Lightninghollow,322,178,1132
Hideflannel,250,1143,1015
Fancierhill,886,910,401
Heronpool,1015,368,417
Dutchessweed,133,643,99
Stallionplump,144,1001,324
Cockatooglitter,1056,293,489
Toothdiamond,1100,1376,182
Bellorchid,1390,1088,1128
Koalaboulder,1154,47,850
Roarlemon,1272,756,827
Healersage,1287,906,769
Dragonlove,702,735,1491
Traderorchid,465,34,791
Dolphinobsidian,900,607,495
Ratwinter,1039,1208,757
Backthread,421,1132,264
Butterflyslash,833,1430,1087
Tigermorning,472,539,331
Lightningwater,1282,558,616
Wolfyellow,648,765,1347
Bonemirror,813,442,861
Lordmad,1134,61,1290
Zebraleather,1245,857,409
Killersugar,1395,843,304
Stalkermeadow,114,1377,283
Scourgedestiny,33,1488,481
Pixievivid,475,1493,1391
Gorillasprout,1109,1395,1024
Crushershadow,580,241,260
Weedbead,251,383,554
Lightertide,174,1036,831
Lancercyber,1041,152,811
Stealerdiamond,1026,1481,910
Pythonalmond,774,1003,354
Kingfoil,810,1400,226
Fangmint,552,684,1120
Beekeen,1481,1263,1101
Venomclear,803,153,223
Legendcoffee,110,511,604
Batspot,1068,817,422
Stallionclear,723,763,679
Knaveround,463,770,782
Heroncord,563,794,1461
Kickerhoney,895,421,1493
Ferretcrazy,905,1288,504
Songlightning,332,855,1130
Craftersour,1396,1264,2
Boltgeode,1325,174,1188
Bunnygossamer,638,3,905
Boachecker,1025,664,867
Buffalocrazy,413,634,369
Glazerapple,1189,970,384
Markpsychadelic,426,504,739
Fairysplit,767,119,491
Mistresscyan,438,514,1366
Driftersoft,1052,1067,1148
Fighterjade,686,465,482
Catnavy,245,936,452
Cowldull,606,640,360
Ribbone,302,499,707
Buffalomulberry,65,601,879
Snapperwild,1220,219,1339
Tigernorth,1155,928,119
Saveremerald,1448,552,1060
Speakerquiver,1341,420,1034
Wingdour,226,1461,1004
Moosepear,1130,223,628
Ferretglaze,756,280,639
Playerplume,415,780,144
Koalamaple,1075,1095,332
Horndaffodil,1118,312,893
Hisscrazy,1412,927,1254
Catcherroad,1036,242,1166
Noseplump,1034,1476,242
Crowmeteor,62,410,1428
Kingglitter,639,43,125
Snapfir,1053,1240,18
Swallowperidot,240,1349,211
Jaguargossamer,876,833,828
Knightplaid,1427,1274,430
Finmaze,635,59,575
Butterflystellar,949,347,805
Cubbrick,697,839,1277
Gamblergrove,405,697,527
Capsprout,404,1248,1032
Wingfluff,948,516,33
Dukecold,975,809,763
Takermeteor,1259,560,153
Noseplum,94,631,1143
Shirtabalone,1350,282,584
Ocelotmarsh,588,336,95
Cubabalone,709,1286,915
Snapheavy,467,506,161
Voiceember,1365,914,37
Paintercord,5,578,1499
Edgenettle,1187,912,526
Bugshell,1028,920,366
Crestdeep,3,1482,635
Forgerblue,617,736,927
Skinnerisland,453,361,1313
Eaterwalnut,166,1326,1091
Trackdiamond,242,350,464
Jayfantasy,193,827,334
Palmfancy,12,977,1444
Crestharvest,594,727,1436
Monkeygrass,1494,1350,588
Roarerred,1145,8,535
Rabbitfeather,1051,214,1475
Legripple,1281,565,1226
Spikedew,208,1500,236
Lightercrystal,909,1016,1354
Dutchessstellar,692,475,1196
Crafterbubble,361,515,391
Toucannoble,282,287,1005
Eaglepeat,105,1168,1404
Palmtin,690,353,670
Throatplume,860,1031,1253
Liftergentle,1400,314,1157
Gemwarp,1182,1021,200
Handpinto,428,1279,959
Thorncream,219,1390,1220
Bowrampant,1468,810,533
Boafeather,1114,924,897
Wingcherry,919,1463,128
Wanderershore,665,67,184
Lizarddark,708,1473,1318
Pawoil,562,990,1209
Buffalobutter,759,848,709
Viperwheat,1082,426,995
Shriekermetal,934,289,368
Keeperlizard,191,1324,767
Stingcandy,663,204,1185
Shriekshell,56,1396,174
Vultureforest,319,719,104
Voleflame,688,758,316
Princessash,279,479,58
Dropfree,533,685,1340
Ladyquick,408,237,644
Paladinsnapdragon,1151,629,1483
Leaderglitter,395,720,224
Hisserregal,448,290,1003
Deerforest,1233,521,509
Stealernavy,1393,220,1076
Stormfire,356,264,330
Collarfair,789,203,172
Stealertorch,712,1058,382
Shriekerhickory,1352,1070,19
Marksticky,1,437,1478
Scribevoid,431,486,1415
Burnpickle,1179,482,404
Talonapricot,1211,351,557
Spurquill,1279,186,860
Hisserevening,436,572,754
Cowlautumn,851,1104,1134
Rayred,1219,951,1050
Hideprickle,771,1304,671
Cowldawn,350,1086,365
Armfortune,471,1037,525
Handwild,366,1026,466
Diversunrise,20,408,16
Swallowperidot,1394,491,1378
Soarertyphoon,196,1224,553
Lightningsummer,894,527,1468
Pawtreasure,626,814,1123
Princemeadow,788,1484,722
Lynxpaper,743,1137,599
Viperring,1377,284,87
Cockatooiris,35,103,591
Wolverinesheer,283,9,636
Ninjacurse,1037,772,467
Unicornsalt,896,1081,454
Watchersilver,1160,969,648
Eatercosmic,1371,1338,199
Leopardpuzzle,727,114,496
Knightquark,988,141,337
Sargentphantom,21,62,1332
Birdheather,1348,1118,781
Gorillabloom,597,377,1368
Sparrowdew,1070,512,1349
Lionpewter,1095,987,1061
Daggerscratch,1006,430,1405
Eatergiant,181,309,730
Minnowautumn,1124,1109,1496
Minnownarrow,38,20,904
Batplanet,1436,386,44
Dancerpower,1398,760,868
Backslow,224,66,834
Stingwater,99,1148,1480
Eyeround,647,86,168
Heroncurly,657,170,323
Lightersunset,1113,1244,1296
Divepink,744,689,570
Arrowvoid,98,1222,986
Shirtvoid,1249,507,753
Browprism,450,1102,1267
Slayerpebble,587,82,664
Tailsun,625,1444,823
Swisherpitch,807,1385,372
Kangaroodestiny,418,205,185
Geckoapricot,904,693,680
Sightpaint,119,291,1112
Dukeneon,58,618,849
Ringercomet,160,615,793
Headcopper,612,525,1084
Centaurstitch,229,244,785
Facespectrum,64,673,117
Minnowtopaz,462,1447,470
Ninjacalico,752,1200,720
Hawkfuschia,272,1228,318
Goatfringe,547,978,145
Painterlunar,1208,1180,176
Bitebranch,1108,892,576
Boneregal,957,861,418
Piratemetal,377,785,1270
Crestevening,956,750,6
Dogbrave,862,538,420
Goatarrow,4,78,210
Spurrainbow,1137,630,889
Ducknebula,655,415,352
Chargerdandy,1331,1414,1352
Cockatoosilk,227,559,432
Spritehurricane,976,156,630
Toothhoneysuckle,1410,247,955
Stingweed,380,341,1438
Oxsoft,238,1052,1285
Ferretfoul,425,90,837
Chestpear,1415,288,205
Spurcrimson,189,405,1255
Snarlvalley,1122,1325,1201
Followerbrown,171,658,46
Crowaquamarine,630,283,1176
Slicerfrill,496,612,684
Cockatoocoffee,125,746,1055
Cougarcomet,447,74,914
Mindcitrine,1337,1413,38
Spikeevening,1138,277,949
Glazerpsychadelic,1409,1146,1304
Robinpale,1454,791,1437
Wolfvine,539,954,13
Flyrampant,1076,1181,1104
Eaglesilk,502,131,393
Hornetnettle,604,469,1150
Backforest,50,1347,1089
Antelopeflicker,1169,649,105
Cockatooorange,835,476,339
Snapdawn,347,267,1105
Flierchrome,1358,534,215
Scribepine,1301,1431,724
Knightember,1379,466,1078
Reaperholy,252,831,1432
Songspring,376,1453,1236
Cloaktorch,407,64,1262
Dogdark,586,1417,939
Playervenom,966,458,696
Snarlswamp,170,1393,650
Gargoyleflax,1023,577,1137
Mustangriver,1276,348,1400
Herotreasure,194,859,232
Dragoncanyon,1324,304,91
Iguanashade,152,1465,740
Knifepetal,1195,65,934
Ratpattern,1198,691,1248
Tigertranslucent,1106,1255,735
Stagsoft,1269,876,1095
Tailwater,651,140,1465
Slicercandy,460,1306,310
Lasherginger,274,388,884
Chinclover,236,14,951
Buffalocord,49,1460,1427
Healertar,1285,535,611
Crusherfog,769,648,203
Toucanbuttercup,180,173,312
Chopperpool,815,349,252
Curtainsatin,2,403,183
Falconstream,13,318,261
Falconemerald,323,918,944
Noseiron,317,239,1474
Geckofair,1112,1092,1365
Hornetorchid,818,1013,1213
Finsilk,837,1201,284
Skinnercotton,122,230,32
Beakhorn,1376,554,985
Saverchocolate,643,1292,808
Centaurrose,1500,124,1443
Gemfoam,1009,112,187
Burnpuddle,30,127,640
Sharktreasure,151,943,85
Pawlead,914,748,415
Hyenaclever,888,463,1344
Tigerpepper,446,656,348
Bisonhurricane,1477,1271,74
Piperblack,292,1204,1421
Catwild,205,695,263
Leopardstorm,611,1367,1390
Kittenfate,291,570,1331
Carverbranch,481,1042,701
Catcherlong,1020,498,1425
Monkeypurple,371,543,1038
Swisherholy,761,400,485
Paladinrust,1098,250,1182
Capribbon,1087,647,306
Eyesharp,352,269,1364
Roarerharvest,156,76,1059
Slavealabaster,1490,1298,598
Spirittwisty,1055,762,204
Snapcypress,931,1122,1426
Bearshadow,598,1107,222
Ridersapphire,1257,542,1346
Pumadour,1338,1394,1471
Stealerwool,581,300,357
Apefringe,1248,1250,578
Cloakmuck,1353,863,1233
Gullscarlet,85,985,268
Dartchrome,1156,881,1206
Spearpear,1445,1440,692
Thundercherry,1241,44,1217
Whalemotley,128,367,661
Razorpurple,1071,28,1252
Boarsnapdragon,392,302,10
Goosepalm,947,1451,846
Toothtorch,430,278,1052
Scarerrag,31,97,976
Ringerjewel,1491,783,608
Chillamber,840,481,1238
Lynxsnapdragon,999,801,1265
Doombubble,1018,541,1484
Leadersnow,258,1391,522
Diverleaf,1362,1172,936
Boarluminous,1451,252,131
Ringerplain,911,1136,772
Chargersteel,1430,895,660
Mistresswell,1300,1301,1180
Gargoylemoor,725,1315,1393
Saverlizard,1307,828,872
Tigershade,237,451,214
Boltregal,266,623,1360
Bunnyspring,278,245,780
Pythonscarlet,1322,708,747
Gulltide,230,905,647
Witchtiny,286,1015,1088
Deathbald,929,177,186
Gamblerpolar,696,443,592
Heronrampant,474,781,349
Jaysunset,1339,1261,909
Fishrampant,989,41,88
Fingerivory,1294,595,20
Ocelotplume,766,328,158
Jesterquark,1266,1079,1282
Crowsteel,329,551,892
Piperquilt,1492,1428,78
Facecurse,834,1029,122
Carppuzzle,1291,1362,726
Kangarootree,1168,739,686
Mouseebony,641,147,1342
Lifterscratch,1104,598,543
Sargentcedar,974,1178,998
Facelong,417,964,1002
Pipercopper,1225,1229,1336
Glazerdesert,935,1361,643
Centaurspangle,1144,851,719
Antelopemaple,1078,1491,1063
Deerfate,575,1090,537
Chatterpineapple,577,1059,1177
Markcream,802,1388,1337
Rattitanium,488,1019,1126
Queenprong,103,354,1278
Seekerchain,285,1062,273
Thornsequoia,1238,1318,1067
Shieldbow,792,1072,290
Storkboulder,1386,148,1031
Falconnickel,675,452,1389
Stalkermango,791,853,567
Cloudlily,154,555,64
Samuraispot,25,1449,1242
Givercomet,199,356,243
Frightdirt,913,887,716
Hawknarrow,1175,849,50
Braidrust,877,1064,1125
Graspalabaster,1074,1253,361
Shriekwinter,188,959,803
Crownruby,1148,337,718
Thornrattle,1321,1217,1294
Piratetwilight,1446,898,271
Zebrasunrise,1419,635,843
Vulturedune,1402,344,376
Forgerblaze,623,866,189
Lightningnettle,817,179,1406
Hisserleaf,451,1294,428
Shieldcrack,301,1194,135
Braidbrick,1045,142,1020
Knightrift,650,385,303
Twistermaze,497,575,217
Dancermeadow,1092,398,1370
Herondaffodil,1188,1174,112
Burnlavender,137,729,160
Lancerwild,504,547,445
Centaurfringe,543,1328,285
Jawweak,681,1039,381
Drifterfoil,889,832,1056
Shriekerplain,1334,526,1457
Hawkcedar,442,590,1448
Friendink,796,744,925
Swordseason,601,585,1383
Paladinslash,1435,1411,1316
Owlbronze,1470,75,775
Flamefire,836,666,190
Unicorncoconut,1267,800,704
Crusherstellar,636,1340,1230
Goativy,996,362,299
Crowchip,411,1313,1287
Lizardplum,923,1445,900
Snoutpatch,330,1354,1141
Riderrogue,1286,166,974
Fancierwhip,432,192,282
Goosecat,830,778,364
Pixiecomet,1136,926,529
Jawglacier,51,1303,212
Caproot,871,208,545
Guardiangranite,779,424,1164
Raccoonmetal,67,1459,548
Handfuschia,1206,522,906
Houndrazor,1013,455,937
Terriershard,1217,1404,1351
Taildawn,1297,54,665
Duckcrack,977,77,882
Bardsleet,822,519,842
Raccoonplain,385,1387,1320
Bearnotch,1336,1307,377
Spearjuniper,1019,1038,101
Armskitter,1343,1468,441
Beetlecosmic,1180,432,621
Batsulpher,369,614,1228
Toefrost,544,540,943
Warrioraquamarine,1380,949,969
Sparrowkeen,950,945,456
Cowlquartz,223,1112,967
Storkhollow,494,730,191
Catalabaster,644,1308,1455
Sagelace,379,471,532
Flierhail,1229,1230,783
Catcherrag,348,573,71
Curtainflash,527,820,155
Cowlbush,1121,633,1353
Weavercream,45,1234,1158
Walkerlaser,397,1321,1273
Giverwinter,48,376,1234
Sargentlaser,954,1359,996
Legbutter,590,1467,813
Lancerbuttercup,984,1455,84
Spritehill,210,1048,294
Stagspring,1147,417,335
Leaderflax,1299,952,746
Stallionhorn,365,782,341
Graspjungle,603,1103,1080
Vulturetranslucent,1253,138,858
Seedfir,216,102,792
Hyenarampant,1265,1226,1321
Wingiris,729,934,407
Runnerprong,874,981,1111
Curtaincitrine,1234,802,760
Goatriver,14,1196,500
Roarhickory,567,36,519
Killerfire,1416,1189,1376
Eaterveil,489,238,1446
Doomrhinestone,873,7,166
Bellyrainbow,1411,226,1062
Ocelotdull,8,1434,473
Followerchrome,1309,1355,784
Shriekerchocolate,1329,627,251
Beetlesticky,1366,40,338
Collarsoft,846,57,132
Storksatin,203,1156,601
Sparrowmuck,838,844,22
Chillspark,23,218,651
Arrowfancy,700,1232,363
Lightningink,466,1237,416
Pirateluminous,373,1153,669
Slaveflannel,1372,1380,434
Owlpinto,457,342,1082
Chinarrow,42,444,347
Fisherriver,564,462,817
Paladinsolar,854,662,1488
Shouldersolar,959,1202,233
Legsflint,602,950,1161
Goatflicker,328,1133,1379
Heroweak,1261,1151,1500
Spearquilt,375,834,70
Collarsalt,173,164,446
Bitequick,1292,1149,960
Faceblossom,482,1061,1409
Questergrave,829,260,698
Carverpear,1464,1177,55
Mousebrook,781,393,1487
Pixieapricot,1178,1333,1163
Centaurivy,233,705,274
Cougarcarnelian,28,710,945
Spiritsplit,614,402,320
Swallowshore,1192,862,615
Scorpionstripe,616,460,12
Masknoble,357,674,498
Ravergossamer,1463,1435,708
Lizardvalley,1058,1471,1464
Princesscalico,694,995,9
Centaurthorn,142,240,1458
Handlily,839,792,1140
Oriolecarnation,537,621,477
Glasspebble,409,79,1299
Legendshard,768,724,583
Trackalpine,1061,1331,1266
Ratmulberry,401,1111,1431
Doomrain,141,947,1227
Spearchain,388,1101,1108
Legenddent,1085,1165,1040
Loonsun,584,503,733
Graspfair,124,1100,1494
Saveraquamarine,169,1265,1197
Legendcliff,1012,447,175
Pawsatin,1447,1406,265
Backcerulean,962,821,1122
Razorsticky,393,1477,700
Spidershimmer,1359,789,45
Armrazor,429,548,1041
Roarprickle,1101,1443,289
Chestprickle,398,1496,1497
Antelopeboom,381,207,941
Binderbrindle,523,1269,317
Gorillacrystal,1054,576,1203
Hyenamercury,1461,183,864
Herondawn,538,123,1327
Palmsaber,879,1014,536
Lightertrail,1201,874,1027
Spearlead,510,1497,649
Ringertrail,673,110,220
Singerchatter,599,190,555
Shoulderriver,607,1161,517
Fairyband,661,703,53
Stealernova,1408,1053,121
Owlseason,492,797,921
Heroncerulean,458,1262,3
Sharkolive,921,829,637
Museglimmer,1310,27,1239
Shirtfir,1022,335,77
Trackheather,1042,118,506
Dogchatter,887,1478,379
Cougarbrown,1264,988,295
Hareisland,246,1462,983
Facelove,81,930,1243
Roarershine,1043,4,1079
Roverbrave,1030,835,1385
Heronebony,1014,303,693
Shakerripple,985,587,1423
Falconlapis,1099,899,507
Snarlwell,1275,562,1256
Lightercoral,1471,1392,1297
Riblake,346,49,796
Legsstorm,937,355,202
Arrowsunset,192,592,744
Fairymarble,1200,136,231
Gargoylerattle,885,1246,1035
Pawzenith,1162,882,188
Snarljust,972,1450,154
Cockatoobald,958,333,556
Jestervenom,178,941,344
Lancercanyon,202,962,1322
Raccoonmuck,853,1499,758
Lifterlemon,66,1485,1193
Thunderjade,168,373,288
Slicerscarlet,1069,793,1006
Biterblossom,1231,749,585
Speartwisty,1062,1094,1449
Condorplum,172,588,250
Hareholly,583,960,810
Wolverinenavy,649,39,1142
Wyrmwhite,645,1479,634
Soarergrass,740,495,966
Terrierpickle,1258,1215,444
Herojust,500,413,1106
Doomswift,728,1378,579
Markquilt,1157,523,563
Witchfan,79,665,198
Butterflyrowan,276,459,916
Ringerbronze,1172,1339,52
Fishpebble,1403,1494,402
Lizardfringe,92,1190,898
Swoopsprinkle,355,1127,1118
Antprism,54,135,275
Gemroad,1432,991,114
Racerglimmer,1207,734,587
Horseamber,809,944,725
Sharkstitch,1115,1426,459
Toepink,445,88,109
Turnersatin,514,1356,932
Beakcrimson,865,1341,387
Raverlinen,1389,94,1276
Dognimble,46,1231,471
Shouldercrazy,1110,1187,1307
Doomshort,1254,1379,256
Nosemica,736,1213,582
Friendcedar,111,1305,206
Shiftsavage,1123,922,1440
Gorillapalm,1164,864,1133
Sargentamber,310,668,824
Shakernotch,726,955,544
Bearjust,320,823,170
Tigersoft,1046,487,920
Chopperpetal,915,1425,301
Snarlglory,992,1005,699
Thumbfog,548,1154,253
Snapscythe,878,825,508
Glasspickle,420,571,157
Whiphickory,1476,180,396
Driftershell,1355,1152,150
Dolphinpinto,1088,728,35
Hyenaweed,982,569,1113
Dogglow,198,767,678
Ribtime,215,435,1328
Buffaloshag,1360,365,667
Riderfair,118,1357,641
Skinnercosmic,1391,326,1147
Snarlhelix,968,1017,901
Swooprelic,82,1004,954
Facefortune,452,865,907
Scorpionfoam,1381,394,523
Grinplume,559,1412,748
Ratplaid,561,427,1289
Palmrainbow,1193,120,857
Stagfreckle,786,654,762
Finslow,703,609,405
Chillplum,358,457,493
Flamerowan,907,338,1021
Gemsurf,337,1115,502
Braidgeode,1250,1050,296
Followercedar,131,761,346
Leopardsplash,1303,359,1334
Terrierbranch,714,422,912
Tonguefire,776,133,1094
Ringergem,315,711,838
Llamarag,391,1191,876
Shirttree,459,1424,806
Dogwest,231,1358,822
Frightwind,406,454,1274
Thornhurricane,498,445,1100
Minnowglow,912,257,564
Crowmirage,1313,1320,258
Stonecord,1005,974,807
Sparrowfern,1484,200,801
Harecitrine,257,249,1225
Storkzest,674,1071,510
Cubapricot,890,670,1187
Ferretbloom,566,1195,1420
Loonevening,1163,1416,1261
Throatcurly,1420,714,931
Jaguarivory,149,1371,291
Scourgeeast,382,1464,1308
Huggerpie,86,1135,881
Molecherry,73,1032,241
Servantvanilla,6,324,1377
Boaratom,1452,217,1174
Kangaroopaint,823,56,839
Stonebrown,778,295,1292
Legsdandy,903,106,292
Bugcliff,1496,879,856
Napebramble,384,340,566
Fancierhurricane,243,169,1090
Wolverinetranslucent,658,699,1430
Watcherheavy,112,1278,370
Tigercypress,785,1077,982
Paladinholly,983,886,948
Capsharp,852,997,600
Centaursapphire,1205,100,73
Bolttree,1102,799,240
Raycitrine,491,1225,8
Neckjet,146,891,300
Crystalhail,758,807,1065
Goatflame,1434,1337,1135
Armcarnation,1065,38,653
Snappermirror,916,683,195
Serpentdandy,1184,1343,1199
Killerpeppermint,163,1186,885
Slayercopper,1475,1375,1204
Ogresaber,37,1386,278
Salmongray,383,1277,171
Shirtwhip,1326,1284,596
Molesly,828,557,1413
Takercitrine,522,352,1357
Daggerhorn,844,1316,1396
Witchhoneysuckle,585,642,1115
Choppernorth,299,1381,1070
Swisherplume,1131,1069,1272
Mousestump,134,915,342
Jesterberry,244,1199,1442
Legpsychadelic,1469,24,888
Snappersolar,47,884,374
Howlergrove,621,1073,672
Shieldnavy,924,448,1191
Edgefreckle,595,769,971
Pigdandelion,1433,907,1168
Bellshallow,1466,1074,1156
Shouldergreat,995,681,1361
Vultureslime,1319,531,947
Oriolelily,339,1117,903
Gazelleglory,754,71,1416
Dolphinband,883,632,657
Findestiny,326,497,298
Musestar,284,1421,386
Scarcookie,569,599,891
Shakerrowan,695,1169,766
Bellyhelix,298,429,1301
Houndpeach,209,209,1482
Harejungle,724,1025,1414
Owldust,140,784,1445
Paladinbitter,1194,279,940
Stalkerstream,254,229,1371
Gamblercosmic,1383,644,1178
Weaverchestnut,787,1183,380
Slotholive,898,740,1124
Runnerneon,870,505,1231
Gullcedar,1354,225,1407
Jawsquare,906,1266,238
Oriolegentle,1083,1056,515
Warlockstump,1298,322,149
Singerflannel,816,128,1215
Ladypyrite,832,256,230
Stealerrust,986,868,30
Vultureswamp,177,93,100
Vulturebutton,1340,1220,96
Huggervenom,495,270,398
Tongueivy,164,732,594
Flashersun,176,919,829
Griffinquill,847,84,1053
Braidscarlet,106,234,1098
Bootgarnet,344,1108,1075
Thornswift,335,1399,123
Dancercake,698,473,761
Knightcerulean,664,759,1300
Scalepyrite,1132,1057,1343
Gamblertruth,321,1006,613
Buffalodark,1388,1272,958
Pythonjuniper,1064,296,57
Bonequick,211,611,79
Mothrattle,953,1035,486
Fanciersnapdragon,1443,281,1338
Hairsatin,660,439,952
Giverpower,476,556,124
Devourerplatinum,855,871,1356
Hissquark,881,418,453
Lighterforest,753,696,92
Snarlpie,281,301,809
Warriorrazor,440,1203,490
Legstitch,508,971,1417
Swooppalm,1375,191,350
Kniferowan,930,109,1311
Cougarsage,1090,510,854
Faceheavy,308,1422,549
Mythsavage,801,132,926
Dogspark,1048,319,329
Ocelotvenom,722,1176,1154
Cubberry,646,603,169
Questersunrise,143,254,1109
Pigroan,1315,395,804
Jawcoconut,1421,470,627
Glassgeode,670,450,56
Heronblack,90,1432,1013
Centaurlight,290,537,102
Donkeycarnation,479,1332,1402
Witchhail,200,675,581
Catflicker,572,48,836
Raverdune,1066,965,442
Goosespiral,1417,771,439
Butterflyplanet,273,92,1495
Cowlvine,525,134,1394
Wingrazor,353,795,1211
Kickerhoney,713,596,421
Koaladaisy,1296,1439,385
Cubvine,875,701,1028
Hyenawild,1107,189,999
Deathcake,679,1163,93
Ocelotbald,1173,369,469
Moleviridian,910,509,631
Mouseginger,964,144,542
Flasherregal,10,694,1284
Collarglimmer,345,1242,826
Shriekerfield,711,358,1023
Gamblerprong,360,308,609
Frightforest,1392,150,80
Roachalder,1016,972,593
Houndblack,300,195,1212
Snakefrill,294,232,197
Hornetvine,1256,396,1159
Traderbloom,157,1211,1077
Ravengrass,217,900,675
Voleregal,331,764,832
Haresolar,662,520,908
Coyoterapid,184,343,521
Friendpewter,1440,716,31
Cloaksand,449,113,1451
Songcanyon,239,872,1017
Hidealder,1328,235,1395
Kangaroorag,1139,1280,1456
Braidlaser,720,641,110
Huntercrystal,1457,1236,21
Mothglaze,232,201,359
Knifesavage,165,620,902
Songsapphire,1127,528,1026
Mustangbrass,831,404,516
Spritedent,507,1197,848
Snarlindigo,74,1423,1235
Ferretsequoia,190,248,427
Cloudcalico,483,788,1102
Flydandy,987,1179,213
Hisstwilight,1493,60,148
Herongrove,1437,896,1263
Gemlegend,825,790,993
Binderpattern,1404,1110,406
Goatapricot,560,212,237
Spurvolcano,682,908,266
Moosesleet,1050,1082,1279
Oriolenickel,573,663,4
Heronmountain,1304,841,165
Traderdandelion,1024,646,311
Keeperlong,195,1045,208
Lancerfreckle,687,657,742
Devoureraquamarine,368,709,819
Donkeyfringe,693,999,965
Fisherlaser,456,813,1181
Facekeen,1228,1311,574
Museplum,764,1257,977
Graspsprout,222,440,1325
Fightershine,296,680,790
Stagsunrise,745,842,614
Liftersoft,1215,89,1010
Thorncookie,994,1405,173
Houndboom,1295,890,480
Gamblerfern,333,968,1051
Tonguecake,751,313,1362
Scourgenimble,334,766,765
Lashertwilight,732,1218,72
Markpaper,960,197,351
Walkerbutter,1133,1366,34
Rabbitfork,858,757,629
Fingertwilight,271,30,1198
Chargerstripe,872,374,642
Trackerpineapple,340,472,1044
Goosekeen,1243,33,865
Terriermango,1093,323,1310
Razorhelix,464,1446,652
Beecyan,1485,1030,1039
Queenperidot,136,923,1093
Dragondiamond,1370,589,1012
Finshort,1221,154,953
Ogrefossil,454,582,1315
Scarercarnelian,902,779,262
Geckoclear,1385,753,103
Handboulder,763,1295,1373
Snappercharm,1159,858,1249
Princecoffee,608,116,571
Mythvine,716,160,1
Crystalwind,150,1033,561
Minnowlizard,228,1205,426
Cowlatom,364,1310,392
Shirtvivid,29,63,818
Flasherregal,295,243,26
Pixieneon,1222,875,919
Legscarlet,1150,653,245
Donkeystar,932,478,429
Choppercarnelian,1357,149,676
Biterblaze,755,276,1037
Chargerpear,821,1239,820
Lordmisty,656,1249,568
Jaydent,620,852,1246
Eyemire,1262,805,662
Keeperripple,515,574,270
Deathcosmic,218,741,1481
Craftereast,652,979,1183
Razorfast,705,1407,597
Glazerspeckle,121,1319,681
Snakegeode,277,798,423
Musecopper,201,1028,1245
Edgefan,132,391,167
Beartin,710,258,540
Swordflint,1283,877,450
Hoofhorn,36,561,1016
Lanternsoft,605,584,235
Healergray,618,25,254
Carpethorn,760,973,1363
Cowlplain,730,1438,619
Trackerhoney,1330,625,43
Foechain,499,980,355
Snapperclever,824,917,963
Lizardclever,1302,1275,659
Throatstump,534,836,863
Songmountain,435,19,29
Elfsugar,288,263,1169
Buffalolegend,260,1335,1303
Bunnybead,542,29,531
Queensalt,1125,380,731
Seerfir,554,1323,163
Musefancy,305,1330,1029
Mythpool,799,747,741
Bitetruth,275,330,463
Pegasuscurse,856,1344,610
Legspurple,517,1369,1097
Swoopdog,1270,433,465
Trackerdew,235,1047,562
Frillthunder,427,184,59
Cowlgrass,571,856,1200
Wolverinefir,1368,387,658
Snoutluminous,532,1470,1119
Whipbrick,1063,1238,896
Singercream,1224,206,333
Wanderernoon,738,370,518
Browboulder,1111,364,1018
Robinpalm,946,1372,162
Thorndandelion,943,298,129
Dartprong,1413,346,877
Scarspot,669,1442,1179
Runnerbrass,615,1291,97
Scribesprinkle,1032,158,1259
Stingermetal,1197,1498,990
Condorbrindle,78,1458,107
Choppertiny,593,619,514
Markvaliant,549,5,438
Museseed,312,273,1275
Snakegarnet,1103,1260,1470
Centaurfern,963,1364,17
Ferretfast,9,1198,234
Runnercalico,1218,10,1250
Chanterstone,1373,360,768
Toothlace,1428,1345,1049
Arrowwest,1080,320,586
Falconpinto,1273,993,1317
Jawcopper,731,830,633
Pegasusrapid,1431,101,997
Swordgold,293,414,193
Daggersticky,167,553,546
Chillpolar,772,1008,595
Takerquartz,314,1185,626
Sagemountain,842,617,918
Centaurvaliant,370,1007,715
Wizardsnapdragon,61,616,221
Deerfoil,556,121,1007
Throatfoil,1142,1353,40
Chanterfish,765,1448,1001
Keeperjet,1382,1129,1139
Ogrecactus,455,984,771
Heronazure,680,581,1462
Pawfierce,531,81,646
Chatterskitter,1467,1018,326
Stallionpie,939,1219,136
Jackallong,535,776,991
Monkeyscratch,75,73,1473
Apecandy,880,518,1472
Crushersaber,116,597,66
Armshell,57,702,1485
Catcherclever,1040,213,383
Toothtitanium,1438,1282,1329
Horseindigo,60,1418,917
Butterflypear,701,613,702
Songquill,979,1184,451
Fancierjuniper,269,1105,61
Mindhorn,77,870,603
Thumbgold,747,231,403
Palmdog,718,253,883
Rippersun,1007,1233,694
Yakvenom,805,1093,550
Pegasusrattle,843,311,713
Ladybrown,613,464,776
Gamblergrass,629,378,844
Robincold,55,925,1208
Wandererstream,1453,889,75
Herongrove,1487,72,687
Toothriver,324,777,487
Llamanimble,1060,96,1151
Droppuzzle,185,32,880
Batcrystal,44,752,375
Fliercandle,699,58,551
Moosewave,101,1402,1291
Chillripple,897,493,98
Runnerproud,41,187,1401
Thunderglen,207,682,560
Runnermarble,1196,334,373
Ladyvenom,955,707,1240
Shriekpetal,1414,1096,989
Pigchocolate,619,255,443
Razorquasar,795,1054,328
Dukeruby,582,1080,899
Facedesert,127,532,980
Hawkchisel,637,932,49
Iguanaperidot,1038,501,840
Parrotgranite,841,837,147
Ratindigo,1077,652,1071
Healerpebble,249,299,1358
Kangaroochain,1486,1384,737
Facegold,372,1420,39
Legsember,1096,530,345
