name,population
Cienega Springs,762655
Brandwell,848456
New Deal,177287
Brandwell,380493
Baldock,638852
San Martin,419743
Derby Center,958265
Brandwell,346844
Buffalo City,209567
Bury,671151
Plympton,572296
Burrton,588730
Plympton,161399
Bury,177806
Lucien,973399
San Martin,705459
Baldock,645630
Baldock,166955
Skidaway Island,705744
Derby Center,853786
Berkhamsted,210942
Ransom Canyon,594439
Ransom Canyon,182239
Newstead,580360
Kingsbridge,202689
Plympton,623678
New Deal,716608
Campden,59820
Baldock,708451
Northleach,769927
Derby Center,557028
Skidaway Island,324996
Campden,410737
Lucien,425274
Bury,112742
Northleach,412409
Derby Center,671080
New Deal,421572
Newstead,701932
Baldock,583224
San Martin,60682
Derby Center,76234
Hoonah,435000
Lucien,503616
Kingsbridge,569372
Lucien,626515
Campden,532450
New Deal,616152
San Martin,543075
Baldock,273074
New Deal,436554
Northleach,655420
Ransom Canyon,782328
Ransom Canyon,997914
Burrton,315548
Plympton,346021
Derby Center,543948
Plympton,509708
Derby Center,968729
Northleach,221522
Brandwell,713023
Kingsbridge,203561
Brandwell,209456
Ransom Canyon,996369
Skidaway Island,140420
Burrton,548852
Campden,934569
Northleach,822634
Berkhamsted,935382
San Martin,500327
Brandwell,169085
Campden,416029
Cienega Springs,643654
Campden,414592
Skidaway Island,927147
Campden,152137
Ransom Canyon,719716
Skidaway Island,810197
Lucien,454516
Plympton,259486
Brandwell,34020
Baldock,669421
Berkhamsted,983442
Hoonah,543487
Newstead,996021
Plympton,153498
Ransom Canyon,536197
Cienega Springs,985686
Buffalo City,386309
Derby Center,624848
New Deal,67899
Brandwell,99332
Plympton,810414
Kingsbridge,310437
Brandwell,247151
Skidaway Island,293476
Bury,377732
Derby Center,842128
Baldock,212070
Bury,803907
Buffalo City,729776
Lucien,655780
Lucien,425427
Buffalo City,190198
Baldock,91560
San Martin,142490
Hoonah,166825
Berkhamsted,151666
Skidaway Island,170233
Skidaway Island,543338
Northleach,347306
Bury,894082
Derby Center,712428
Baldock,874535
Kingsbridge,66489
Bury,377447
San Martin,857343
Newstead,18297
Bury,586067
Baldock,784217
New Deal,488505
Northleach,341257
Baldock,724731
Campden,433417
Skidaway Island,986005
Northleach,585565
Cienega Springs,662680
New Deal,569600
Newstead,885294
Baldock,712488
Derby Center,473234
Northleach,39365
Plympton,529988
Cienega Springs,781196
New Deal,175331
Ransom Canyon,978016
Cienega Springs,491886
Buffalo City,947622
Lucien,526327
Cienega Springs,347868
Lucien,649702
Newstead,846187
Derby Center,671414
Campden,260081
Cienega Springs,961144
Lucien,222808
Lucien,459171
Brandwell,152090
Cienega Springs,219893
Campden,956181
Skidaway Island,960475
New Deal,694314
Derby Center,762642
Baldock,308739
Berkhamsted,416355
Bury,924913
Skidaway Island,605916
Cienega Springs,166871
Buffalo City,59344
Buffalo City,721415
Northleach,178432
Ransom Canyon,289515
Derby Center,444392
Buffalo City,260994
Buffalo City,894578
Derby Center,236230
Lucien,549406
Brandwell,661743
Burrton,679848
Newstead,40271
Burrton,825024
Skidaway Island,632669
Campden,944528
Berkhamsted,173901
Derby Center,395678
San Martin,217142
San Martin,860900
Plympton,13628
New Deal,664527
Derby Center,951944
Derby Center,359475
Berkhamsted,393009
Newstead,328635
Berkhamsted,895308
Berkhamsted,999053
Brandwell,422761
Brandwell,551594
Brandwell,944908
Bury,194417
Brandwell,897875
Kingsbridge,795812
Northleach,945558
Brandwell,408493
Berkhamsted,988178
Baldock,351577
Kingsbridge,533387
Plympton,650303
Baldock,144928
Berkhamsted,224958
Cienega Springs,51722
Derby Center,995857
Campden,974172
Skidaway Island,29968
Northleach,912037
Cienega Springs,507956
Ransom Canyon,961600
Baldock,117102
Bury,105918
New Deal,131745
Buffalo City,770631
Brandwell,771019
Lucien,107400
Newstead,91021
Lucien,321826
Cienega Springs,88906
Ransom Canyon,187637
Brandwell,203551
New Deal,681605
Kingsbridge,660960
Burrton,534764
Bury,448258
Brandwell,838618
Kingsbridge,920674
Skidaway Island,287473
Cienega Springs,183884
Baldock,617091
Baldock,949945
Cienega Springs,326630
New Deal,553651
Campden,767238
Cienega Springs,289346
Plympton,79747
Cienega Springs,10741
Brandwell,740916
Derby Center,961628
Buffalo City,279830
Ransom Canyon,927328
Cienega Springs,766211
Berkhamsted,55729
Kingsbridge,200699
Kingsbridge,686237
Berkhamsted,256046
Cienega Springs,434726
Baldock,172472
Northleach,263804
Lucien,140076
San Martin,807605
Burrton,204938
Lucien,652294
New Deal,231550
Newstead,998718
Burrton,756713
Kingsbridge,405576
Berkhamsted,90796
Burrton,893759
Campden,137519
New Deal,114691
Brandwell,933688
Hoonah,566235
Burrton,694641
Berkhamsted,754244
Newstead,379799
Hoonah,436111
Brandwell,961066
Hoonah,526487
Buffalo City,688815
Newstead,475711
Derby Center,853655
Buffalo City,194710
New Deal,681892
Lucien,171149
Buffalo City,675813
Campden,76766
Campden,106228
Berkhamsted,497889
Plympton,532869
Lucien,328289
Bury,472486
Newstead,491139
Burrton,387688
Derby Center,714350
San Martin,906407
Baldock,963089
Skidaway Island,752027
San Martin,731170
Cienega Springs,123747
Ransom Canyon,804722
Buffalo City,440497
Burrton,769526
Northleach,605572
Newstead,58361
San Martin,966788
Newstead,330268
Derby Center,851496
Campden,563262
Northleach,191046
Buffalo City,346199
Buffalo City,91949
San Martin,301288
Ransom Canyon,380762
Burrton,817356
Cienega Springs,284707
Buffalo City,827184
Buffalo City,919560
Hoonah,793303
Skidaway Island,863686
New Deal,497808
Brandwell,647669
Campden,799468
Baldock,977710
Newstead,178529
New Deal,879555
Buffalo City,185836
Northleach,834743
Ransom Canyon,681351
Lucien,526854
Berkhamsted,728167
Northleach,869383
Plympton,47281
Lucien,741990
Berkhamsted,288644
Derby Center,373793
Burrton,478585
Plympton,689311
Bury,333500
Hoonah,983612
New Deal,754020
Plympton,237066
Lucien,344479
Ransom Canyon,566515
Buffalo City,730774
Lucien,167359
Burrton,443719
Derby Center,482279
Hoonah,93316
Bury,349062
Campden,404274
Northleach,288915
Lucien,814007
San Martin,930315
Kingsbridge,510137
Campden,194673
Hoonah,716283
Baldock,485541
Baldock,165584
Buffalo City,340866
Ransom Canyon,665932
Buffalo City,765899
Brandwell,269327
Derby Center,63566
Northleach,926241
Campden,871312
Newstead,456000
Northleach,118542
New Deal,393115
Cienega Springs,249160
Derby Center,622102
Skidaway Island,245333
San Martin,404164
Campden,213364
Northleach,58814
Burrton,121231
Kingsbridge,141840
Newstead,682000
San Martin,18567
Northleach,888437
Baldock,230686
Skidaway Island,315897
Campden,283365
New Deal,186422
San Martin,796177
Burrton,247571
Burrton,528077
Berkhamsted,609488
Plympton,264657
Kingsbridge,188135
Berkhamsted,770917
Kingsbridge,785744
Campden,616593
Plympton,328512
Northleach,274458
Derby Center,603156
Bury,964376
Ransom Canyon,779979
New Deal,408755
Kingsbridge,382426
Burrton,251519
New Deal,823828
Lucien,586622
Campden,75733
San Martin,29593
Berkhamsted,695038
Derby Center,131192
Kingsbridge,491680
Lucien,955764
New Deal,4734
Baldock,94457
Skidaway Island,845558
Plympton,221076
Brandwell,645154
Skidaway Island,733067
Lucien,557112
San Martin,297120
Kingsbridge,765389
Buffalo City,148185
Bury,504609
Hoonah,249550
Buffalo City,101246
Derby Center,171621
Northleach,273798
New Deal,144240
Berkhamsted,156878
Hoonah,332351
San Martin,765865
Brandwell,472306
San Martin,907145
Campden,779765
Skidaway Island,363729
Baldock,146820
Kingsbridge,772687
Burrton,651284
San Martin,240657
Berkhamsted,218534
San Martin,759918
Bury,974562
Northleach,815657
Buffalo City,227474
Burrton,87791
Skidaway Island,967980
Berkhamsted,442991
Ransom Canyon,711460
Northleach,516911
Ransom Canyon,411513
Derby Center,746830
Derby Center,277367
Skidaway Island,278198
Skidaway Island,215262
Campden,81290
Kingsbridge,854507
Plympton,360373
Hoonah,11675
San Martin,374278
New Deal,995748
Buffalo City,767461
Newstead,27594
Campden,864219
Lucien,613113
Ransom Canyon,935348
Bury,566295
Baldock,648508
Plympton,931921
Ransom Canyon,139254
Northleach,107933
Derby Center,393785
Plympton,550399
Ransom Canyon,789919
San Martin,442039
Newstead,194526
Bury,539496
Newstead,133911
Newstead,240730
Baldock,265015
Berkhamsted,781385
San Martin,657983
Derby Center,263312
New Deal,584470
Kingsbridge,216405
Hoonah,617295
Derby Center,122726
Berkhamsted,410867
Bury,52659
Berkhamsted,900704
Berkhamsted,465038
San Martin,440270
Kingsbridge,721513
Derby Center,557944
Skidaway Island,77009
San Martin,680730
Baldock,962696
San Martin,440856
Burrton,719456
Kingsbridge,587884
Hoonah,942019
Baldock,35076
Baldock,670804
San Martin,210988
Buffalo City,447785
Brandwell,295512
Baldock,216798
Bury,948069
Brandwell,9529
New Deal,461892
Plympton,705460
Ransom Canyon,424163
Kingsbridge,648504
Berkhamsted,372250
Berkhamsted,921185
Baldock,667058
Kingsbridge,420409
Newstead,911944
Skidaway Island,728133
Derby Center,321026
New Deal,703749
Berkhamsted,57530
Brandwell,723441
Cienega Springs,858867
San Martin,882310
New Deal,203650
Newstead,414639
Skidaway Island,267121
Burrton,748577
Brandwell,483857
New Deal,304754
San Martin,295566
Skidaway Island,331234
Cienega Springs,431919
Skidaway Island,849039
Berkhamsted,43658
Skidaway Island,377234
Cienega Springs,922278
Berkhamsted,576346
Baldock,625942
Burrton,571300
Skidaway Island,904490
Brandwell,84917
Newstead,979485
Baldock,5269
Bury,437106
Berkhamsted,5465
Bury,631268
Campden,59642
Buffalo City,460326
Cienega Springs,141325
Newstead,317602
Hoonah,734673
Skidaway Island,11778
Kingsbridge,868894
Brandwell,58347
Skidaway Island,215015
Berkhamsted,761380
Ransom Canyon,667142
Campden,401453
San Martin,154765
San Martin,683422
Brandwell,593341
Baldock,935076
Bury,972526
Skidaway Island,668066
Kingsbridge,957240
Derby Center,986506
Skidaway Island,120137
Brandwell,472652
Brandwell,765684
Lucien,203628
Derby Center,796106
Buffalo City,279075
Derby Center,400006
Berkhamsted,591705
Hoonah,525313
Burrton,381031
New Deal,987171
Lucien,199941
Burrton,190703
Brandwell,386744
Northleach,313930
Derby Center,496738
Campden,241445
Hoonah,661490
Northleach,361894
San Martin,946988
Ransom Canyon,278252
Lucien,542192
Cienega Springs,733163
Burrton,37291
Bury,33230
Plympton,636624
Lucien,498400
Lucien,94197
Berkhamsted,592955
Derby Center,853748
New Deal,460005
Baldock,340756
Burrton,126276
Northleach,310051
Campden,575523
Ransom Canyon,879597
Ransom Canyon,962149
Ransom Canyon,30932
Baldock,512859
San Martin,203109
Cienega Springs,629074
Newstead,935403
Derby Center,964847
Skidaway Island,410231
Lucien,651720
Buffalo City,759174
Burrton,602023
New Deal,388837
Newstead,419654
Campden,731315
San Martin,738713
New Deal,501321
Newstead,783744
Lucien,712024
Brandwell,314064
Northleach,792690
Brandwell,905715
San Martin,855972
Ransom Canyon,197519
Bury,97913
Bury,185760
Ransom Canyon,452860
Bury,350059
San Martin,984754
Hoonah,541518
Berkhamsted,925851
Skidaway Island,673045
Bury,737881
Skidaway Island,445948
Plympton,827331
Northleach,460058
Northleach,242726
Buffalo City,285377
Plympton,88223
Buffalo City,38267
Buffalo City,678097
Newstead,488681
Skidaway Island,604058
Ransom Canyon,359951
Ransom Canyon,320694
Hoonah,342045
Campden,123205
Buffalo City,353394
Newstead,291775
Plympton,697403
Buffalo City,850292
Campden,451927
Hoonah,575595
Buffalo City,729785
Berkhamsted,157776
Bury,741172
Burrton,912460
Derby Center,598831
Burrton,467257
Lucien,185495
Ransom Canyon,746361
Skidaway Island,709065
New Deal,841691
San Martin,780721
Brandwell,722270
Campden,805712
Lucien,702318
Ransom Canyon,471379
Brandwell,806908
New Deal,735660
Baldock,507451
New Deal,53053
Derby Center,845310
Skidaway Island,37847
San Martin,550200
Hoonah,821742
Berkhamsted,418522
Buffalo City,421755
Buffalo City,89894
San Martin,204747
Derby Center,99922
Skidaway Island,229554
New Deal,668788
Skidaway Island,208295
San Martin,303913
Bury,841927
Hoonah,877848
Campden,194007
Cienega Springs,183989
Hoonah,896099
Baldock,748855
Northleach,782069
Derby Center,317270
Burrton,920639
Buffalo City,409557
New Deal,515838
Skidaway Island,98769
Kingsbridge,425935
Cienega Springs,863957
Northleach,483428
Buffalo City,786868
New Deal,25351
Burrton,22678
Cienega Springs,576567
San Martin,763208
Bury,423569
Baldock,142841
Ransom Canyon,926185
Burrton,703833
San Martin,742696
Northleach,121195
San Martin,901118
Kingsbridge,42461
Berkhamsted,431342
New Deal,37889
Campden,914580
Ransom Canyon,215131
Newstead,252819
Brandwell,605544
Campden,875391
Baldock,623584
Skidaway Island,67090
Buffalo City,7143
Brandwell,450331
Brandwell,157041
New Deal,271489
Hoonah,462419
Derby Center,502863
San Martin,694852
Newstead,42297
San Martin,165981
Campden,310800
Campden,891253
Hoonah,758302
Ransom Canyon,325542
Derby Center,326235
Ransom Canyon,149137
San Martin,542307
New Deal,789264
Derby Center,673903
Buffalo City,694001
Northleach,178002
Northleach,555256
Cienega Springs,647528
New Deal,166771
Brandwell,144295
Derby Center,525502
Baldock,719476
Northleach,903410
Plympton,350967
Berkhamsted,666680
New Deal,886824
Derby Center,252898
Newstead,623835
San Martin,262745
San Martin,398492
New Deal,298058
Berkhamsted,388883
Berkhamsted,60898
Northleach,848326
Newstead,991365
Skidaway Island,788139
Baldock,371215
Plympton,920483
Kingsbridge,748423
Newstead,940811
Baldock,440193
Kingsbridge,180017
San Martin,694979
Cienega Springs,256327
Buffalo City,678265
Buffalo City,507609
Lucien,147632
Skidaway Island,905302
Buffalo City,726779
Berkhamsted,120604
Skidaway Island,149505
Ransom Canyon,872982
New Deal,615446
Derby Center,628763
New Deal,764805
Bury,661931
Skidaway Island,826937
Plympton,178117
Bury,365578
Hoonah,928052
Baldock,831339
Baldock,664526
Plympton,277539
Brandwell,499121
Ransom Canyon,383597
Berkhamsted,97801
Northleach,64817
Buffalo City,7888
Newstead,343190
Bury,893903
Newstead,810318
Northleach,484263
Berkhamsted,609478
Kingsbridge,497486
Cienega Springs,485633
Hoonah,247510
Lucien,207062
Kingsbridge,824928
Buffalo City,694026
New Deal,455318
New Deal,376288
Brandwell,345039
Lucien,644293
Berkhamsted,570850
Brandwell,765718
New Deal,318718
Cienega Springs,880729
Campden,441395
San Martin,413763
Hoonah,941637
Buffalo City,357042
New Deal,164656
Berkhamsted,709946
Ransom Canyon,605255
Kingsbridge,882636
Cienega Springs,885677
Cienega Springs,730531
New Deal,502302
Baldock,415214
Buffalo City,486737
Buffalo City,722971
Plympton,239332
Derby Center,300597
Burrton,507372
Buffalo City,802862
Brandwell,970406
Hoonah,364361
Burrton,42477
Bury,63547
Baldock,506244
Kingsbridge,562499
Derby Center,690496
New Deal,323689
Campden,154258
Cienega Springs,426644
Kingsbridge,738392
Bury,244365
Derby Center,634046
Buffalo City,320680
Newstead,395531
Buffalo City,709197
Cienega Springs,998123
Plympton,937117
Lucien,526572
Lucien,260707
Buffalo City,153983
Northleach,603277
Baldock,576485
Campden,252186
Baldock,402407
Newstead,323523
Brandwell,743171
San Martin,721932
Skidaway Island,308404
Campden,305244
Berkhamsted,237991
New Deal,235819
Hoonah,409023
Buffalo City,449479
Ransom Canyon,783021
San Martin,856759
San Martin,510177
Hoonah,267610
Northleach,545694
Buffalo City,778571
Newstead,57953
Campden,90594
Buffalo City,152663
Campden,884077
Bury,121728
Cienega Springs,922970
Newstead,340628
Burrton,743766
Bury,869092
Hoonah,531082
Berkhamsted,104872
Campden,405965
Hoonah,655326
Skidaway Island,38134
Bury,866255
Hoonah,462493
Derby Center,936483
Burrton,214424
New Deal,354976
Burrton,978454
San Martin,393916
New Deal,485213
Ransom Canyon,468503
Lucien,982481
Newstead,478553
Bury,695408
Hoonah,630783
Baldock,514050
Baldock,441698
Buffalo City,841198
Skidaway Island,888795
Lucien,772221
Newstead,348610
Burrton,636134
Derby Center,6260
Campden,177119
Plympton,467431
Newstead,264780
Ransom Canyon,199576
Kingsbridge,54903
Brandwell,210147
Buffalo City,96629
Baldock,644885
Northleach,818949
Skidaway Island,971906
Campden,439565
Newstead,28092
Campden,688245
Burrton,731507
Plympton,654683
Ransom Canyon,188890
New Deal,31112
Berkhamsted,651351
Ransom Canyon,795464
Kingsbridge,11508
Kingsbridge,523089
Northleach,21463
Campden,755333
Plympton,560129
Bury,914651
Newstead,961319
Hoonah,364025
Cienega Springs,142268
Campden,411253
Newstead,676435
Kingsbridge,462073
Northleach,249125
Ransom Canyon,533880
New Deal,571701
Newstead,518660
Baldock,65251
Kingsbridge,540657
Northleach,397596
Cienega Springs,47990
Plympton,534621
Cienega Springs,887699
Kingsbridge,533812
Lucien,575763
San Martin,171941
Campden,282586
Skidaway Island,656409
Bury,935521
Ransom Canyon,783633
Berkhamsted,673274
New Deal,667419
Campden,301612
Derby Center,169328
San Martin,762553
Burrton,166763
New Deal,8015
Lucien,114305
Brandwell,922588
Bury,459880
New Deal,498353
Baldock,802812
New Deal,602575
Brandwell,266775
New Deal,181771
Campden,864668
Hoonah,695263
Ransom Canyon,443875
Baldock,926021
New Deal,658180
Derby Center,997704
Ransom Canyon,657573
Derby Center,969683
Lucien,528720
Bury,45671
Ransom Canyon,904526
Kingsbridge,846702
Derby Center,433549
Lucien,317862
Newstead,242427
Plympton,42959
San Martin,724462
Derby Center,449909
Derby Center,442678
Berkhamsted,661619
Kingsbridge,47381
Kingsbridge,52537
Plympton,791966
Cienega Springs,671568
Cienega Springs,387508
Brandwell,595167
New Deal,132984
Lucien,714989
Burrton,861529
Bury,558758
Bury,248163
Plympton,635809
Burrton,539716
Brandwell,316755
San Martin,285489
San Martin,275176
Plympton,671232
Ransom Canyon,683410
Brandwell,707968
Burrton,577754
New Deal,972965
Campden,128929
Plympton,864998
Hoonah,219848
Derby Center,389039
Northleach,825546
Hoonah,46936
Skidaway Island,603293
Derby Center,171505
Buffalo City,238752
Skidaway Island,887413
Skidaway Island,456904
Skidaway Island,64917
Cienega Springs,84035
Northleach,740144
Skidaway Island,183944
Buffalo City,534640
Hoonah,772021
Baldock,767355
Brandwell,164394
San Martin,915656
Berkhamsted,560505
San Martin,334696
Newstead,992567
Kingsbridge,664595
Berkhamsted,120490
Cienega Springs,653432
Lucien,909142
Campden,655569
Campden,720577
Burrton,803922
Hoonah,326837
Newstead,467667
Lucien,423964
Brandwell,918922
Northleach,726143
Kingsbridge,423902
Newstead,396216
San Martin,58788
Baldock,348078
Kingsbridge,753648
Bury,357314
Skidaway Island,574789
New Deal,856576
Derby Center,281716
Bury,73445
Lucien,90119
Plympton,455484
Derby Center,643776
Bury,659666
Buffalo City,912630
Burrton,35386
Skidaway Island,154265
Baldock,27148
Kingsbridge,274228
Skidaway Island,93549
Ransom Canyon,348631
Hoonah,35483
Berkhamsted,723762
Plympton,507017
Newstead,745666
Kingsbridge,566910
Lucien,774338
San Martin,429407
Ransom Canyon,624887
Burrton,355444
Lucien,600847
San Martin,891680
Bury,483945
Hoonah,897357
Baldock,87166
Lucien,884536
Cienega Springs,778204
San Martin,327932
Berkhamsted,547085
Bury,100103
Lucien,55065
Bury,221059
Skidaway Island,514585
Plympton,158042
Berkhamsted,490690
New Deal,803734
Derby Center,637165
Bury,174266
Cienega Springs,783341
Berkhamsted,350715
Skidaway Island,170802
Bury,223816
Northleach,973159
Northleach,563747
Brandwell,920054
Skidaway Island,202029
Buffalo City,257805
Hoonah,743180
Baldock,907099
Newstead,912426
Newstead,399437
Northleach,229633
Northleach,790888
Lucien,470381
Burrton,374363
Campden,907294
Kingsbridge,788110
Hoonah,680140
Derby Center,888537
San Martin,443853
Brandwell,184881
Kingsbridge,282550
New Deal,209283
Buffalo City,316717
Cienega Springs,892607
Skidaway Island,418533
Plympton,365413
Plympton,771057
Ransom Canyon,581734
Kingsbridge,857733
Kingsbridge,660807
San Martin,816279
Baldock,627405
Burrton,801069
Baldock,43525
Bury,157810
Baldock,505405
Kingsbridge,573333
Skidaway Island,789102
Bury,542745
Lucien,531386
Berkhamsted,740258
Kingsbridge,881399
Bury,632061
Plympton,900417
Brandwell,403763
Hoonah,706240
Kingsbridge,638393
Hoonah,920865
Burrton,629254
Cienega Springs,995084
Newstead,237580
Kingsbridge,863562
Lucien,126998
Berkhamsted,360077
Buffalo City,346093
Northleach,891387
San Martin,445087
Berkhamsted,507761
Kingsbridge,762550
Campden,239920
Buffalo City,390000
Plympton,566265
Ransom Canyon,735150
Plympton,520841
Kingsbridge,151498
Plympton,492157
New Deal,538471
Plympton,896260
Campden,548681
Hoonah,684988
Campden,578197
Ransom Canyon,917558
Skidaway Island,451079
Ransom Canyon,879826
Brandwell,104375
Brandwell,16908
Ransom Canyon,78187
Cienega Springs,313851
Burrton,654479
Skidaway Island,975849
Newstead,144717
Kingsbridge,431562
Derby Center,406266
Ransom Canyon,768825
Cienega Springs,992744
Burrton,162163
Hoonah,186748
Campden,771197
Newstead,400851
Newstead,483374
Bury,475168
Northleach,832039
Cienega Springs,213352
New Deal,101056
Northleach,389987
Ransom Canyon,151586
Hoonah,526112
Derby Center,713228
Ransom Canyon,438405
Cienega Springs,68403
New Deal,200934
Baldock,432089
Northleach,26260
Northleach,133638
Kingsbridge,614418
Bury,609081
Brandwell,536486
Lucien,771760
Burrton,87596
Ransom Canyon,190428
Baldock,234144
Newstead,807203
Ransom Canyon,638584
Berkhamsted,493005
Plympton,278336
Berkhamsted,253341
Burrton,717128
Newstead,454064
Northleach,30098
Derby Center,950889
New Deal,565669
Buffalo City,807165
Baldock,652997
New Deal,276536
Skidaway Island,953467
Northleach,823430
Bury,910654
Plympton,783908
Hoonah,956506
Newstead,163897
Northleach,614050
Skidaway Island,982316
Campden,573134
Newstead,673937
New Deal,883199
Derby Center,860467
Brandwell,868876
Cienega Springs,977227
Newstead,464364
Newstead,907343
Northleach,1399
Kingsbridge,940556
Burrton,992210
Berkhamsted,340457
Burrton,712724
Northleach,525455
Brandwell,841078
Ransom Canyon,454342
Skidaway Island,729253
Bury,530597
Kingsbridge,696448
Lucien,675801
Cienega Springs,146254
San Martin,90093
San Martin,888671
Baldock,882717
Skidaway Island,246572
Ransom Canyon,969907
Lucien,786944
Hoonah,609638
Plympton,456182
Burrton,409603
Ransom Canyon,692742
Cienega Springs,541857
Lucien,688815
New Deal,819395
Burrton,788553
Bury,964997
Bury,907150
San Martin,655177
Buffalo City,573004
Campden,341529
San Martin,358402
Burrton,73033
Berkhamsted,642251
Burrton,281029
San Martin,53876
Newstead,338127
San Martin,11095
Buffalo City,640016
Lucien,21150
Hoonah,298979
Baldock,240637
New Deal,45072
New Deal,262167
Skidaway Island,127954
Lucien,794708
Ransom Canyon,63803
New Deal,803105
Brandwell,309742
Buffalo City,110138
Campden,925469
Berkhamsted,792843
Kingsbridge,788433
Lucien,896153
Plympton,59018
Ransom Canyon,245692
Plympton,334753
Hoonah,258925
Burrton,268024
Derby Center,152595
Ransom Canyon,932799
Burrton,316710
Hoonah,89291
New Deal,204346
Newstead,90304
Buffalo City,947847
Cienega Springs,175626
Northleach,760632
Newstead,372877
Skidaway Island,148024
Northleach,423710
Burrton,678784
Berkhamsted,931821
Campden,748489
Newstead,137
Baldock,227492
Newstead,986031
Cienega Springs,910204
Berkhamsted,127797
Northleach,177971
Plympton,363691
Plympton,841373
Kingsbridge,438678
Baldock,490130
Plympton,902319
Hoonah,184581
Bury,572446
Skidaway Island,343961
Campden,462121
Plympton,157108
Kingsbridge,697029
Plympton,157209
Cienega Springs,462628
Kingsbridge,94108
San Martin,333060
Skidaway Island,184119
Skidaway Island,497805
Kingsbridge,657129
Cienega Springs,722001
Lucien,316526
Northleach,775883
Newstead,659432
Derby Center,443088
Baldock,998417
Baldock,348911
Derby Center,588254
Berkhamsted,716047
Kingsbridge,832997
Hoonah,218672
New Deal,298790
Bury,565797
New Deal,778849
Cienega Springs,446937
Berkhamsted,647826
San Martin,64129
Buffalo City,231462
Lucien,926391
Plympton,14032
Ransom Canyon,747695
Burrton,898053
New Deal,283135
Burrton,941889
Bury,473958
Lucien,654772
Derby Center,937139
Baldock,405534
Derby Center,618144
Skidaway Island,26049
Hoonah,751516
Northleach,148019
Kingsbridge,342080
Baldock,475293
San Martin,111383
Brandwell,893643
Hoonah,828523
Brandwell,860865
Ransom Canyon,642223
Plympton,954175
Brandwell,954511
Baldock,163426
Hoonah,107043
Buffalo City,907047
New Deal,893618
San Martin,696190
Bury,197160
Bury,494967
New Deal,573152
Brandwell,177444
Ransom Canyon,811938
Northleach,33653
Lucien,725010
Ransom Canyon,846812
Derby Center,625840
Brandwell,387400
Northleach,682295
Hoonah,337011
Burrton,766225
Bury,546292
Skidaway Island,48597
Baldock,597207
Campden,757683
Newstead,274961
Cienega Springs,881097
Hoonah,635293
Derby Center,144260
Lucien,937429
Skidaway Island,968129
Bury,989669
Derby Center,699164
Baldock,802940
Bury,28378
Berkhamsted,295249
Northleach,947320
Newstead,222680
Northleach,326088
Baldock,872087
Plympton,780052
Newstead,51280
Brandwell,282686
Campden,8068
Plympton,911324
Ransom Canyon,830154
New Deal,118310
Ransom Canyon,304958
Campden,57113
Northleach,818066
Campden,219488
Newstead,572395
Plympton,155033
Bury,629368
Cienega Springs,161538
Brandwell,125597
Kingsbridge,636883
Campden,68567
Derby Center,150365
Hoonah,7579
Newstead,390822
Buffalo City,247841
Cienega Springs,355420
New Deal,403632
New Deal,351544
Newstead,655394
Derby Center,942558
Burrton,476387
Derby Center,30979
Northleach,902423
Burrton,183226
Campden,707405
Cienega Springs,918229
Campden,984462
Ransom Canyon,597476
New Deal,230594
Skidaway Island,905435
Kingsbridge,65608
Skidaway Island,243299
Derby Center,164356
San Martin,218294
Lucien,160287
New Deal,640217
New Deal,814121
Cienega Springs,661558
Hoonah,153709
Buffalo City,594798
Bury,408524
Baldock,981890
Northleach,503464
Brandwell,229862
Northleach,411109
Bury,248044
Lucien,537985
Northleach,743649
Brandwell,822746
Ransom Canyon,953106
Newstead,841112
Ransom Canyon,992092
Northleach,916660
Campden,987529
Derby Center,635611
Baldock,320448
Hoonah,317455
Bury,382519
Derby Center,248382
Buffalo City,324738
Burrton,959867
Campden,522662
Hoonah,131086
Campden,201306
San Martin,593970
Buffalo City,977247
Buffalo City,839509
New Deal,561181
Buffalo City,572113
Baldock,487986
Campden,978844
Burrton,207483
Brandwell,142792
Bury,415961
Newstead,759913
Brandwell,641431
Brandwell,138885
Skidaway Island,934960
San Martin,557814
Newstead,99263
Brandwell,967172
New Deal,555616
Plympton,152490
Campden,94959
Lucien,7602
San Martin,382926
Plympton,935277
Burrton,821915
Buffalo City,796138
New Deal,773620
Skidaway Island,805519
Hoonah,144696
Berkhamsted,346717
Newstead,889843
Kingsbridge,509238
